EndID,Level,StudentID,EndName,Description,信任,气质,思维,口才,体质,GESymbol,GoodAndEvil,语文,数学,英语,政治,历史,地理,物理,化学,生物,音乐,表演,舞蹈,手工,棋技,种植,摄影,烹饪,考古,编程,绘画,运动,FriendID,FriendshipValue
1,1,"1,2,3",工厂工人,name没有考上大学。毕业后没能进入理想的公司，由于家里也不富裕，所以TA成为了一名工厂工人，过着一般快乐的生活。,,,,,,>,-20,,,,,,,,,,,,,,,,,,,,,,null,0
2,1,all,犯罪分子,"你在新闻上不止一次看到了name，name做了不该做的事。回忆起自己曾经对TA的教育，只能说是悔不当初，没有将name纳入正轨，反而纵容邪恶的种子生根发芽。
一起忏悔吧！",,,,,,<,-20,,,,,,,,,,,,,,,,,,,,,,null,0
3,1,all,超市店员,name毕业后进入了一家叫做新科技中心的大型超市做店员，不错的口才和气质使TA很快进入了店员中的高新行列。虽然经常加班，但还算过着充实的生活。,30,15,0,10,,>,0,50,,,,,,,,,,50,,,,,,,,,,,null,0
4,2,all,产品经理,name没有进入大学深造。凭借着出色的口才，加入了终点科技，为其高科技产品做销售。两年后顺利晋升，成为了明星销售，活跃于各大销售平台。据说曾创下连续30日，每日1千万的销售神话。,30,30,30,80,,>,0,200,,200,,,,,,,,300,,,,,,,,,,,null,0
5,3,all,游戏开发者,"name凭借超高的编程技术，加入了二向箔游戏。虽然年纪轻轻，但是name的编程技术让10年经验的老程序员都赞叹不已，刚一加入就成为了007大军的扛旗大员。
两年后的一次巧合中，你看到了name。name头发稀疏，面容憔悴苍老，体态臃肿。不知道的还以为TA已经40岁了，不由的唏嘘程序员果然是个高压工作。",30,,60,,,>,0,,300,300,,,,,,,,,,,,,,,,600,,,null,0
6,2,all,新农民,name成为了一名农民，独自承包了1200亩耕地。name曾经以为成为农民每天都要种地，日晒雨淋。但事实并不是这样，在种植机、洒水机、收割机、施肥机、除草机等10多台机械的帮助下，TA揽下这1200亩非常轻松，甚至90%的时间都可以自由支配。去城市里吃喝玩乐已经成为了name的日常。唯一需要担心的是自己的钱包在秋收之前会不会被掏空。,10,,,,,>,0,,,,,,,,,300,,,,200,,500,,,,,,,null,0
7,3,all,数学专家,name数学非常优秀，提出了乒乓随机矩阵方程，引起了学术圈不小的震动，不久便获得了豆腐院青豆奖，名动一方。,30,,60,,,>,0,,950,,,,,,,,,,,,,,,,,,,,null,0
8,2,all,专业翻译,"name加入了智者科技，鉴于name的外语非常优秀，且已掌握21门外语，光荣的成为了一名翻译专家。
但name的口语考试成绩始终没呢超越一般人，导致TA最终没能升职到外语专家。
不过，看上去name其实也很喜欢现在的工作，毕竟只是翻译对社恐人来说实在太舒服了。",30,,10,,,>,0,,,950,,,,,,,,,,,,,,,,,,,null,0
9,3,all,外语专家,"name加入了智者科技，鉴于name的外语非常优秀，且已掌握21门外语，光荣的成为了一名翻译专家。
name凭借良好的口才，不久便顺利升职，成为了外语专家，经常为公司与外国企业谈判。被誉为智者科技的外交神话。",30,,20,80,,>,0,300,,950,,,,,,,,,,,,,,,,,,,null,0
10,2,all,官员,"name精通宏观政治学与微观政治学，顺利成为了一名合格的公务员。
几年的官场沉沦，让name深刻认识到了权利多大、责任就有多大。在一次反腐清扫后，TA顺利的当上了干部，任职至今。",20,,20,10,,>,10,300,,,500,,,,,,,,,,,,,,,,,,null,0
11,1,"1,2,3",小区保安,"name记忆力不错，而且为人正直可靠，光荣的成为一名小区保安。虽然工资不高，但乐的清闲。
在一次工作中徒手接住了从高楼坠下的小猫咪，被小区内的爱猫人士极度称赞，获得《爱猫人士》小锦旗。",,5,,10,,>,20,,,,,,,,,,,,,,,,,,,,,80,null,0
12,1,all,人事专员,"name加入了一家不大不小的创业企业，从事着招聘工作。虽然职位不高，但也为公司挖来过许多大牛人才，获得了不少“年度伯乐”奖。
name很喜欢现在的工作，座右铭是：千里马不吃草，吃肉。往往能在最大限度上满足应聘者的薪资要求。",0,10,30,30,,>,20,400,300,,400,,,,,,,200,,,,,,,,,,,null,0
13,1,all,人事专员,"name加入了一家不大不小的创业企业，从事着招聘工作。虽然职位不高，但也为公司挖来过大牛人才。
name很喜欢现在的工作，座右铭是：我为公司节省了不少开销。看见工资比自己高的应聘者，往往能够最大限度的“压榨”工资，将薪资降低到极限。",0,10,30,30,,<,20,400,300,,400,,,,,,,200,,,,,,,,,,,null,0
14,1,all,行政专员,"name加入了一家管理非常严格的公司，公司的每日行政任务多如牛毛，规矩更是几张纸都写不完。name作为行政专员必须比其他人更早的到公司，因为TA拿着公司的钥匙。
每天在前台签到、搬水、倒垃圾，TA每天渴望着领导能多看自己一眼，提拔自己升职。",0,10,,,,>,0,400,,,,,,,,,,,,,,,,,,,,,null,0
15,2,all,人事经理,"name加入了一家劳务派遣公司，每天需要处理大量的人力资源管理事物，
name挑中的人才往往更任劳任怨、能够稳定工作，别人问：为什么？name笑笑：我更懂人们需要什么。",10,10,,,,>,0,880,,,,,,,,,,,,,,,,,,,,,null,0
16,2,all,人事经理,"name加入了一家劳务派遣公司，短短2年就升职成为了人事经理。经常出现于各大高校的校招现场、人才市场的演讲台。
name常常能够以极低的价格招募到劳动力，深得老板喜爱。
",,10,,,,<,0,880,,,,,,,,,,,,,,,,,,,,,null,0
17,1,all,仓库管理员,"name加入一家本地商贸公司，负责管理仓库物资。
与其说是管理员，不如说是一个人形钥匙，同事们有什么需要都会找name开门，name也对此乐此不疲。
得益于旷阔的人脉，name也是公司小道消息最广的存在。",,,,,,>,0,400,400,,,,,,,,,,,,,,,,,,,,null,0
18,2,all,程序员,"name在毕业之初加入了智者科技，但奈何新人竞争激烈，被刷了下来。后来加入了一家本地的科技公司，一直任职至今。
网上都说程序员都是秃头职业，但name不一样，良好的作息让TA依旧有着乌黑浓密的头发。
name的水平并不出众，但好在代码习惯良好，能够很好的完成任务，上司称TA为最容易交接的程序员。",,,20,,,,,200,500,200,,,,,,,,,,,,,,,,500,,,null,0
19,3,all,高级软件工程师,"name凭借不错的编程水平，加入了一家科技公司，担任主程序员的职位。
name的代码难以被外人阅读，以至于出了问题总是需要亲自解决，这也导致了TA经常出现在加班名录中，深得老板赞赏。
name有时会想，如果当年再努力学习一些，应该就不用再加班了。",30,,30,,,,,200,600,300,,,,,,,,,,,,,,,,600,,,null,0
20,3,all,高级硬件工程师,"name加入了一家电子厂，相比软件，硬件公司更像传统企业。没有996、没有那么多年轻人。
name很满意现在的工作，看着曾经的同学天天加班、脱发头秃，自己虽然工资不多，但过得非常滋润。",30,,40,,,,,200,700,400,,,,100,100,,,,,,,,,,,700,,,null,0
21,4,all,高级算法工程师,"name凭借高超的编程水平和数学建模能力，加入了智者科技的AI研发部门。
虽然没有在管理层上升职，但在技术层上已经达到了天花板，经常在博客中探讨一些高精尖的技术，是诸多编程萌新口中的大佬。
name的个人身价已经达到1850万美金，是众多科技公司千方百计想要挖过来的人才。",30,,50,,,,,200,850,500,,,,200,200,,,,,300,,,,,,850,,,null,0
22,5,all,首席程序架构师,"name在计算机领域已经无人能及，别看职位“只是”首席程序构架师，TA所能做的事情更多。
name毕业后拒绝了众多科技公司的招揽，指定要加入二向箔游戏，扬言要做一些不可能的事情。不出所料，1年后二向箔游戏推出了第一代智能头盔，开始向脑波游戏进发......
不出5年，name就获得了诺贝尔科学奖，同时被提名科学院院士。二向箔游戏CEO直言：name是个传奇人物。",30,,60,,,,,200,900,600,,,,500,500,,,,,500,,,,,,900,,,null,0
23,1,all,话务员,"name没有什么太特殊的本领，凭借曾经学过的一些编程理论，成为了电信公司的一名话务员。
name时长反思，我是不是读书的时候太懒了，以至于始终找不到更好的工作。",,,,,,,,,,,,,,,,,,,,,,,,,,400,,,null,0
24,2,all,电信业务营业员,"name的综合能力非常不错，机缘巧合下加入了电信公司，成为了一名业务营业员。
注意，这里的营业员不是帮忙充话费的那位，name负责的是拉网线、修光猫、办理企业宽带等更具专业性的工作。
说来也遗憾，原本name是可以从事更轻松且更高薪的工作的，但name的家里觉得进入国企更好，就没再让name更换工作。稳定下来后name也不再想着高升了。",,20,30,20,,,,400,400,400,,,,,,,,,,200,,,,,,400,,,null,0
25,3,all,通信技术工程师,"name的综合能力非常不错，机缘巧合下加入了电信公司，起初的职位只是营业员，后来凭借不错的学习能力考到了工程师证书，顺利升职成为通信技术工程师。
虽然name的特长能力并不突出，但是综合多方面来说懂得更多，气质上佳、能说会道、思维敏捷，同时又懂技术，可以说是八面玲珑。
唯一不完美的是，name节假日基本不能休息，需要在公司待命，以迎接通信交换高峰，随时准备解决突发状况。",,20,40,20,,,,400,400,400,,,,,,,,,,200,,,,,,400,,,null,0
26,1,all,机械维修工程师,"name由于没有拿得出手的文凭，找工作时常常碰壁。最后凭借一点手工技艺，找到了一份机械维修的工作。
其实name也不会多少维修，往往只是把机器拆开，清理灰尘，然后机器又能工作了。一旦遇到难以解决的问题都是寻求帮助。
name常常后悔当年没有认真读书，哪怕再努力一分一毫，也不至于沦落到假维修工的境地。",,,20,,,,,200,200,,,,,300,,,,,,300,,,,,,,,,null,0
27,2,all,机械工程师,"name毕业后没有找到符合心意的工作，辗转之后应聘了机械工程师的岗位。
机械帮助人们完成重活、累活，但是一旦机械出了问题，就必须要维修，现在的重活、累活就变成了工程师们的了。
name手下有4位维修工程师，但是那些工程师都是有力气没脑子的家伙，经常做出违反安全条例的行为，这让name非常糟心。",,,20,,,,,200,300,,,,,300,,,,,,400,,,,,,,,,null,0
28,3,all,机械设计师,"name加入了一家本地的机械零件制造厂，负责机械设计与制图。
虽然摆脱了“一线工人”的岗位，但是工作并不轻松，由于公司使用的是某种非主流制图软件，使得name的制图速度与图纸可读性都很差，总是需要反复与他人交代注意事项。",,,20,,,,,200,700,500,,,,400,,,,,,500,,,,,,,,,null,0
29,4,all,航天器设计师,"name凭借出众的综合水平，加入了航空航天公司，与众多科学家们一同研发宇宙飞船。
即使做着全世界顶尖难度的工作，name也与众多同志们一样，默默无闻。然后在不久的将来为祖国的天空增添“飞鸟”。
或许是爱幻想的原因，name非常希望自己能够驾驶一艘飞船，去往仙女座......",30,,50,,,>,20,200,800,500,,,,800,500,,,,,900,,,,,,,200,,null,0
30,5,all,军工设计师,"name凭借出众的手工水平和优秀的政治面貌，加入了军工企业，成为了一名军工设计师。
name带领的团队研发出东风导弹88型急速EMP导弹，这种导弹的飞行速度达到了2.3万千米/时，爆炸时不仅有不俗的威力，还能瘫痪敌方的电子设备，让对方失去电子战的能力。
name因此获得了“共和国勋章”。",30,,50,,,>,50,500,800,500,,,,800,500,,,,,900,,,,,,,200,,null,0
31,1,all,测量工程师助理,"name没有什么特别的本领，在老同学的帮助下，找到了测量助理的职位。
name每天帮助测绘员搬仪器、举尺子、整理资料，枯燥且没有什么压力。令人高兴的是，预计明年name就能升职成为正式测量工程师了。",,,10,,30,,,,500,,,,,300,,,,,,,,,,,,,,,null,0
32,2,all,地质工程师,"name的物理和体质非常不错，毕业后进入了一家地质勘探队。
name经常在大山中的临时棚屋生活，条件非常艰苦。常挂在嘴边的一句话是：“辛苦完这几年，我要在一线城市买套房”，就这样，name在大山里工作了几十年。",,,10,,30,,,,600,,,,,700,,,,,,,,,,,,,,,null,0
33,3,all,采矿工程师,"name的综合素质非常不错，毕业后加入了黑金矿业。
这里需要申明的是，name所在的矿山并不是煤矿，所以这里的工人也不会一脸煤黑，更不会出现小说里拿着矿稿挖矿的场景。
name负责的是爆破作业，通常都是打炮孔、装药、连线，最后爆破。得益于name的细心、严格，他负责的爆破工作从来没有发生过盲炮，就连爆破下来的矿石大小都非常均匀，深得矿长赞许。",,,20,,30,,,,700,,,,,800,,,,,,,,,,,,,,,null,0
34,1,all,银行信贷员,"name托关系进入了一家民营银行，现在从事放贷工作。
name的职位虽然是信贷员，但实际上大多时候name都是负责跑腿的那个，送资料、核对信息、交接材料就是name的日常。
或许再送几年资料，name就能升职成能在客户面前签名的人。",,,20,20,,>,20,300,200,300,300,,,,,,,,,,,,,,,,,,null,0
35,2,all,外汇交易员,"name原本没有什么兴趣爱好，突然某一天，在某财经频道的吹嘘下，进入了外汇交易的圈子。
刚开始时投资水平平平无奇，后来也许是抓到了秘诀，经常能赚到钱，之后name也就全身心投入到了外汇交易中。
时至今日，name在外汇交易的工作中也算是赚得一个小康生活了。",,,20,20,,>,20,400,300,300,300,,,,,,,,,,,,,,,,,,null,0
36,2,all,银行贷款部经理,"name的口才很不错，进入银行后迅速升职成为了贷款部经理。经常游走于顾客之间，放出笔笔贷款。
得益于name的花言巧语和对数字的敏感，name的顾客很少变成老赖，或许不久的将来name也能成为银行行长。",,,20,45,,>,20,500,700,400,400,300,,,,,,,,,,,,,,50,,,null,0
37,4,all,银行地区行长,"name名校毕业，为人正直，从入职到现在短短6年就成为了黑湖分行行长。
作为黑湖分行的一把手，name经常出席政界、商界的各种会议，这些会议往往与银行无关，但奈何总是被邀请。
作为行长，name总是第一时间知晓各种小道消息，有政策变动的、有企业欠款的、也有民间资金流动的。这也让name总能避开收不回的贷款，无过就是功。",,,20,30,,>,20,600,800,800,800,300,,,,,,,,,,,,,50,50,,,null,0
38,5,all,银行总行长,"name的思维能力超乎常人，升职经历更是传奇。
刚入职不久便揭发了一起贿赂案，破格提拔为贷款经理。一年后的工作中凭借察言观色，加上对数字的敏感，发现了一家知名企业涉嫌黑恶势力，并且收集到有力证据，从而受到了总行的赏识，提拔为总行长助理。
升职后的name更是如鱼得水，所有工作都做得井井有条。鉴于name拍板的投资从来不令人失望，并且非常服众，老行长退休时name被破格推荐为总行长。
成为总行长的name疯狂投资，目前看来，如果能够成功，name所在的银行极有可能成为全国顶尖银行。",,,80,40,,>,20,600,900,800,800,400,,,,,,,,,,,,,50,50,,,null,0
39,2,all,记者,"name没有好好培养兴趣爱好，毕业后凭借良好的综合素质进入记者行列。
虽然经常需要拿着话筒东奔西跑，虽然经常忍饥挨饿三餐不正，虽然经常搞到手的素材被驳回。name也从来没有后悔成为一名记者，因为自己的话筒就是老百姓发声的渠道，name要为所有遭受不公正待遇的人发声。",,30,30,35,10,,,600,,600,,,,,,,,200,,,,,,,,,,,null,0
40,2,"1,3,4",作家·撰稿人,"name放弃了原本的工作，成为了一名职业网文写手。要问为什么，因为可以宅家工作。
name的小说非常的“随大流”，什么题材火就写什么，从龙傲天到种田基建，什么系统文、文抄文、重生穿越文，可以说是什么都写过，但是都不温不火，始终没能写出爆款。
最令name痛心疾首的是，近期的新书甚至没有出现在某盗版网站中。",,,50,,,,,600,,600,,,,,,,,,,,,,,,,,,,null,0
41,3,all,文学作家,"name是一位传统作家，为什么说是传统呢，因为name的文章都是发表到文章期刊中，《母亲的锅铲》一文甚至被高考命题组纳入高考阅读理解，这个“光辉时刻”困扰了name很久。
面对一群考生的询问，name只能唯唯诺诺，只能说：“标准答案把我写作时心境诠释得很准确，只是我写的时候没想这么多。”",,,60,,,,,600,,600,,600,,,,,,,,,,,,,,,,,null,0
42,3,all,电台主持人,"name名校毕业，口才出众，通过考试进入了一家广播台，担任主持人的职位。
即使name有着很高的口语水平，受新华字典对某些字读音的“反复横跳”，name经常被领导克扣工资，每次拿到工资条都要一个人默默的哭一阵子。
令人高兴的是，name不久后会调离新闻岗，前往娱乐岗，到时候可以使用近义词替代那些不是那么确定读音的词语。",,20,30,50,,,,600,,600,500,,,,,,200,200,,,,,,,,,,,null,0
43,4,all,电视主持人,"集美貌与才华的name在一次机缘巧合下成为了电视主持人。
name所在的节目组是一个真人秀的娱乐节目，主要内容是明星们按照提示要求在深山中“狩猎”。name通过长时间的与明星们互动，使自己也颇有明星范了。",,40,40,55,,,,600,,600,500,,,,,,200,200,,,,,,,,,,,null,0
44,4,all,报刊发行总编辑,"name原本是一位小说作家，有着撰写评论的爱好，可奈何小说销量不佳，频频受挫，TA写的书评却全是点赞。在一次作家交流会中，总编认为name很有评论家的潜质，于是推荐TA做专业书评家，郁郁不得志的name接受了这个职位。
果然上帝为你关闭一扇门，就会为你打开一扇门。name成为书评家后如鱼得水，对他人文章的精髓剖析得非常出色，往往能够一语中的的点出中心思想。
不久后name就升职为总编辑，对他人的投稿刊登有着极大的拍板权利。",,,50,60,,,,800,,800,,300,,,,,,,,,,,,,,,,,null,0
45,2,all,舞蹈演员,"name的文化水平不高，又懒于读书，好在有着不错的舞蹈功底，加入了一家不错的歌舞团。
舞蹈演员的工作印证了那句老话“台上三分钟，台下十年功”，TA们往往为了一次演出，排练半年之久才能登台跳舞，而且一支舞往往演出不了几次又会开始迭代，为下一支舞排练。
你在一个舞蹈视频中看到了name，TA就在领舞旁边，脸上还有些藏不住的稚嫩，相信不久后name也能够成为领舞。",,10,,,0,,,,,,,,,,,,,,500,,,,,,,,,,null,0
46,3,all,舞蹈教师,"name有着不错表演才能和舞蹈功底，同时又能说会道。现在在一家舞蹈培训机构工作。
如果说什么工作能像神仙一样轻松，那name现在的工作就是了。每周只有3节课，其余时间都是自由活动，遇到调休还能自由活动一个星期，出国旅游都绰绰有余。",,10,25,15,0,,,,,,,,,,,,,500,500,,,,,,,,,,null,0
47,4,all,舞蹈大师,"name有着非常深厚的舞蹈本领，TA做出来的动作明明与他人一样，但总能给人一种赏心悦目的感觉。网上对name评论最多的就是“狐狸精”总是勾得网友们挪不开眼睛。
你看到name跳的舞，总是会一阵恍惚“哇~这真的是我曾经的学生吗”，不由的感叹name的成长。",,45,,,45,,,,,,,,,,,,200,800,800,,,,,,,,,500,null,0
48,4,all,舞蹈编导,"name在一个舞蹈团中担任舞蹈编导，其实原本name只是舞蹈演员中的一个，但后来被发现TA有着很高的审美意识，就逐渐被培养成了编导。
编导的工作非常需要细心与耐心，不断重复着推演，不断思考着如何变化，还要关照演员们的身心健康。name时常觉得自己是演员们的父母，总是要指挥他们完成舞蹈的排练，孩子犯错还要一一纠正。",30,10,30,10,20,,,,,,,,,,,,500,,800,,,,,,,,,,null,0
49,5,all,编舞大师,"name从业舞蹈事业多年，其实认真算起来也没多少年。
现在已经是编舞大师了，TA所编排的舞蹈从春晚到奥运，从国内到国外，都有着很多记录。不过name编舞有个小爱好，就是从来不允许男女混编，要么统一性别，要么男的站一边，女的站一边，据name自己说的：“我还是单身，不想在工作中吃狗粮”。",30,,58,,0,,,,,,,,,,,,300,800,800,,,,,,,300,,300,null,0
50,4,all,舞蹈博主,"name结合名族舞、爵士舞等舞蹈特点，自创了一种叫“时代舞”的舞蹈种类，有着入门难度适中、姿态优美有不失劲爆、活力阳刚的特点，去除了某些舞蹈中阴柔、妖媚、性暗示的思想。
“时代舞”的典型就是《地铁》了，据说已经被纳入了中学课间操的列表中，广场舞中更是遍地“时代舞”，似乎这舞天生就是为我国民众打造的，有着非常广泛的传播力。",,35,28,20,15,,,,,,,,,,,,200,200,800,,,,200,,,,,,null,0
51,3,all,舞蹈网红,"name颜值高、身材好，经常在网络上发布自己跳舞的视频，有着丰富上网经验的TA总能紧跟潮流，引爆一些洗脑魔性的舞蹈潮流。
几年来已经有着400多万的关注，播放量最高的视频有6000多万，是个名副其实的舞蹈网红。",,55,20,30,15,,,,,,,,,,,,200,400,800,,,,200,,,,,200,null,0
52,2,all,歌手,"name在一次歌唱选秀节目中脱颖而出，获得了广泛的关注。虽然名气不大，总是翻唱各种歌曲，也没有自己的歌，但是name总是能乐在其中。
name有时候会尝试自己作曲，虽然偶有灵感，但是毫无经验的name始终做不出曲子来。",,15,,10,,,,500,,500,,,,,,,500,,,,,,,,,,,,null,0
53,4,all,当红歌星,"name在几年前就出道成为歌手了，颜值高、唱歌好听、说话温柔，是大家对TA的评价。
与大多数歌手不同的是，name很少出现在电视节目中，也很少被邀请参加各类活动。更多的时候都是在唱歌、拍MV、拍视频、在网络上与粉丝互动，有时候会被人觉得name是个网红，根本不像正经歌手。
或许是因为name的爆火过于突然，仅仅凭借一曲《拒绝起床》就红遍大江南北，导致被很多人看不起，在网络上往往被人看低一截。name知道自己还有很长的路要走，所以不急不慢，总是细细打磨好作品，向世界传递着自己的“能量”。",,45,,,,,,500,,900,,,,,,,900,600,,,,,,,,,,,null,0
54,4,all,名作曲家,"name不知什么时候开始，已经是一位明作曲家了。如今当红的热歌《地铁》、《拒绝起床》、《你的外卖到了》里的作曲一栏都惊喜般的写着“name”。
你试听了这几首歌曲，总觉得自己始终无法欣赏其韵味，不由得感叹自己老了，跟不上时代了。",,,45,,,,,900,,900,,,,,,,900,,,,,,,,,,,,null,0
55,3,all,琵琶大师,"name在大学期间才开始学习琵琶，刚入手就展现出惊人的天赋。毕业后考取了高级证书，开始了卖艺生涯。
name很有艺术家的素养，专注于创作、演奏，几乎不参与网络上的争名逐利。
name曾辗转多个视频、音乐平台，手抖、快音、油哩、管哔......都有过TA的足迹，虽然没有赚到什么钱，但有着近千万的粉丝。
",,,30,,20,,,,,,,400,,,,,800,,,,,,,,,,,,null,0
56,2,all,调音师,"name苦学调音多时，又对音乐现场氛围较为敏感，毕业后就进入了一家迪厅，担任调音师的职位。
迪厅的顾客们往往都是20来岁的年轻人，他们对美好的事物总是充满向往。而气质良好又多才多艺的name自然成了香饽饽，经常收获大量的搭讪与媚眼，让name苦不堪言。",,15,,,,,,,,,,,,,,,600,,,,,,500,,,,,,null,0
57,4,all,音乐网站创始人,"name在一次趴音乐素材时突发奇想，现在市面上都没有专业音频共享平台，如果自己做一个是不是很有前途？于是name运用自己对音乐版权的理解和勉勉强强的编程技术，成立了一个音乐素材站。
name的网站与众多作曲家达成了合作，提供了乐曲的展示、授权、出售一条龙服务，还有许多作曲家提供了免费商用的曲目，得到了广泛的赞扬。",,15,15,,,,,300,,500,,,,,,,800,,,,,,,,,600,,,null,0
58,5,all,古典乐传奇作家,"name的古典乐造诣非常高超，所著乐曲虽然只有十余首，但每首都有非常独特的魅力，是音乐界独特的传奇人物。
name最近的一曲《工作》更是以纯音乐登上热歌榜首，可以说是史无前例、独此一家了。",,40,20,,,,,800,,700,,800,,,,,800,,,,,,,,800,,,,null,0
59,4,all,名雕塑家,"name手工技艺神乎其乎，TA的作品完美结合了工业和艺术，具有良好的实用性的同时雕刻技艺精湛。
name最出名的作品便是万工车，万工车是一架能够真正还原变形金刚的车子，能开驾驶的同时编程行走状态，而且驾驶员能够在车内完成全部操作，可谓是巧夺天工。
据说第一辆万工车拍卖成交价高达27亿......",,,40,,40,,,,,,,,,800,,,,,,800,,,,,,,800,400,null,0
60,4,all,名书法家,"name是书法家协会排名第三的书法家，因其自创的光印体而被大众熟知。这种字体运笔难度极大，笔迹不连贯，每一笔都看似非字，写成后却又能看出字来，明明只有黑白两色，却让人遐想无数。
现在name所创的这种字体广泛运用在春联、门牌、牌位、墓碑上，很有高大上的感觉。",,,40,,,,,900,,900,500,500,,,,,,,,600,,,,,600,,600,,null,0
61,2,"1,2,3",赌徒,"name没有好好工作，在一次朋友聚会中被拉入地下赌场，从此堕落成为赌徒。
TA卖掉了家里一切之前的东西，与家人决裂，借款无数。遇到朋友不是TA躲着朋友就是朋友躲着TA，或者说已经没有了什么朋友。你也不例外，手里还拿着一张10000元借条，说是要投资开火锅店的。
",,,,,,<,0,,,,,,,,,,,,,,300,,,,,,,,null,0
62,2,all,围棋爱好者,"name毕业后从事过很多工作，超市店员、理发助理、快递员......可惜都做不长，没有一个干过半年的。name的上一份工作是送外卖，据说是老是超时又没继续做了。
现在name准备发展围棋技术，今后做一个围棋教师。",,,10,,,>,0,,,,,,,,,,,,,,400,,,,,,,,null,0
63,3,all,职业围棋选手,"name出于对围棋的喜爱，辞掉了原来的工作，每日在家中研究围棋，经常参加各种围棋比赛。
name的下棋套路非常不传统，或许是受到人工智能下法的影响，name的开局总是令人摸不着头脑，却又往往能在一子间让对手“瞳孔地震”，甘拜下风。
name也是为数不多能在快棋中对阵人工智能还有20%以上胜率的人，或许不久后name能开创出结合传统围棋与智能围棋的新围棋下法。",,,40,,,>,0,,,,,,,,,,,,,,800,,,,,,,,null,0
64,3,all,围棋教师,"name的围棋水平高超，又能说会道，在几次比赛获奖后不再参赛，成为了一名职业围棋教师。
name的学生大多是小学生，学习围棋也不是为了要当围棋选手，他们的父母或许只是希望孩子能够多多锻炼思维。
由于1对1教学的工作并不稳定，name的收入也是时有时无，好在name头脑不错，买的股票、基金经常能够赚到钱，生活过得非常不错。",,,30,20,,>,0,,,,,,,,,,,,,,800,,,,,,,,null,0
65,3,all,棋牌游戏开发者,"name毕业后成立了一家游戏公司，专门开发棋牌游戏，销往海外。
斗牛、炸金花、德州扑克、梭哈、红黑大战......各种玩法一应俱全，现还推出了线上真人发牌服务，可以说是研发里最懂棋牌的了。",30,,20,,,>,0,,,,,,,,,,,,,,500,,,,,500,,,null,0
66,4,all,棋牌游戏创始人,"name棋牌界沉沦多年，突发奇想地自创了一种叫“三斗”的扑克玩法，牌友们试玩后都表示非常好玩。之后name便投身三斗APP的研发，APP问世后受到了广泛的关注和大量玩家的参与，name也赚得盆满钵满，成为了棋牌界的大人物。
据说不久前name宣布要争取让三斗进入奥运会，更是吸引了一大波玩家加入“战斗”。",30,,50,,,>,0,,,,,,,,,,,,,,800,,,,,800,,,null,0
67,2,"1,4",小区棋牌室大神,"name没有找到称心的工作，每天在楼下打麻将、打扑克、下象棋，玩得不亦乐乎。
name没有收入，但家底很不错，所以生活也没有什么金钱压力，除了偶尔被说教几句，还有经常被叫去相亲。
name的下棋水平很高，经常会让着其他人，所以大家都称TA一声“棋圣”，逢年过节也会送TA一些礼物。",,,,,,>,0,,,,,,,,,,,,,,500,,,,,,,,null,0
68,5,"3,4",雀神,"name的麻将技艺神乎其乎，自出道职业麻将手后，专门前往各大棋牌室踢馆，虽然都是无注牌局，但name依然被全省“拉黑”禁止进入各大棋牌室。
name的麻将胜率巅峰时达到93%，最近一直稳定在88%，甚至有专门分析师在后台计算，得出从洗牌开始，麻将就似乎自主排列成了name的最佳组合。据说曾有5位分析师被逼疯，扬言“科学不存在”“世界是有神的”。
最恐怖的是，经过name必胜定律的计算，可以反向推导出即将骰出的点数。
name表示：我什么也没干，可能只运气好？",,,80,,,>,0,,,,,,,,,,,,,,900,,,,,,,,null,0
69,2,"2,3",旧农民,"name学习了不少种植知识，又对打工没有兴趣。索性回家继承家业，继续种地卖菜。
name全家的菜地都被TA一人包圆了，稻田里种着茁壮的水稻，菜地里种着大片大片的胡萝卜，山上的山坡上还种着茶树，非常有田园气息。
name的收入很低，空闲的时间非常多，似乎最近开始在村子里打麻将了。",,,,,0,,,,,,,,,,,300,,,,,,500,,,,,,200,null,0
70,2,all,农场承包者,"name毕业后凭借不错种植水平与商业头脑，承包一片山地和鱼塘，开始了养殖大业。
name坚信土鸡土鸭的口感更好，更能卖钱，坚持给禽畜喂食米糠、野菜、虫鱼，绝不粘一粒饲料。
name养的鸡总是娇小许多，喜欢在草丛里飞奔，偶尔还能看到飞到围栏顶上的，可以说是土鸡中的野鸡了。",,,,,20,,,500,500,,,,,,,600,,,,,,600,,,,,,300,null,0
71,3,"2,3",科学农场承包者,"name毕业后回到了家乡，开始学以致用，运用农业新技术来养殖鸡鸭鹅。
name的禽舍可不得了，每只鸡都有单独的小房间，避免细菌传播；传送带喂食，减少人工消耗；高压水枪自动冲洗粪便，环保又高效。
name的农舍非常之多，足足有30多个，惊人的是员工只有10人，仅仅鸡就有近百万只。他们负责了农场的全部生产活动。据说最轻松的时候只需要每天看看有没有鸡不高兴，然后就可以下班了。",,,,,20,,,500,500,,,,500,500,,700,,,,500,,900,,,,600,,,null,0
72,4,all,农业教授,"name毕业后留在了学校工作，开启了科研生涯。TA经常在试验田中研究，一蹲就是一整天。之后多年勤勤恳恳，没有丝毫懈怠。皇天不负有心人，研究3年后name拿出了花生的无土栽培新方法，5年后开始大规模试种。这一技术有望配合全株榨油技术，实现“一条龙”生产花生油。
name也就是短短7年就升职成为正教授的，可以说是奇才了。",,,,35,20,,,500,500,500,,,,,,600,,,,,,600,,,,,,,null,0
73,5,all,农学院士,"name毕业后留在了学校工作，与众多生物学家一同研究，之后几年论文频发，获得了广泛的关注。
在一次油菜培育中发现了一株及其脆弱的油菜，经研究发现这种植株的茎秆表皮细胞衰老后不会失去水分，也不会形成硬质物。进过多代的选育，已经可以作为良种进行商业种植了。
这种油菜由于缺少硬质而口感极佳，这一特点让油菜的最佳食用周期延长了3个月，现已成为热门蔬菜中的热门蔬菜。
name改良油菜后又陆续改良了荷兰豆、芥菜的品种，最终获得科学院与工程院双院士称号。",,,60,,,,,900,900,900,,,,,900,900,,,,,,900,,,,,,,null,0
74,2,all,偷窥狂,"name没有参加工作，利用家里的存款在网络上买了一些二手摄像机，安装在一些私密场所，通过出售里面的视频获利。
一次日常作案中被机智的学生通过红外光发现，作案工被警方紧盯，最后name在取回工具时被发现，被判入狱。
你看到这条消息时非常震惊，但想到往年对name教育的疏忽，你陷入了深深的自责......",,,,,,<,-10,,,,,,,,,,,,,,,,400,,,,,,null,0
75,2,all,摄影爱好者,"name辞去了售货员的工作，利用存款买了一台专业摄像机，通过接单摄影谋生。
name的工作很不稳定，逢年过节忙到晕厥，平时闲到发霉。好在TA还能在网店中提供修图、视频制作的服务，获取一些额外收入。
常年有上顿没下顿的工作，导致name患上了胃病，经常需要药物维持，生活越发艰辛。",,,,,,>,0,,,,,,,,,,,,,,,,400,,,,,,null,0
76,2,all,职业取材者,"name是一位专业的全景摄影师，专注于在各种景点取材，然后发布在网上售卖。不过最近name似乎跟某大公司合作，开始在黑湖市的各种犄角旮旯里中游走，看似非常匆忙。
你想了想，或许TA的照片以后能拿来做摄影比赛的素材......",,,,,,>,0,,,,,,400,,,,,,,,,,600,,,,,200,null,0
77,4,all,荒野摄影师,"看过科教频道的动物影片吗？没错，在曾经无人摄像机不普及的时候，那都是荒野摄影师们历经千辛万苦拍摄下来的宝贵影像。而现在name也成为了他们中的一员。
虽然现在有着无人机、拟态摄影机的辅助，但是依旧需要人在附近操控。而专注拍摄的摄影师往往会忘记周围的危险，name的摄影老师就是这样失去一条腿的。
据说name已经前往深海拍摄了，希望未来name可以给我们带来新的视觉盛宴。",,,,,20,>,0,,,,,,700,,,,,,,,,,600,,,,,600,null,0
78,5,all,奥运摄影师,"name不是一般人，说TA不是人也行。你见过山地自行车比赛，骑得比第一名还快的摄影师吗？你见过滑雪比赛，始终保持在第一名前20米的摄影师吗？你见过跑马拉松，不需要交通工具的跟拍摄影师吗？没错，TA就是name，一位由于太无敌而转行摄影师的运动员。
name就是活体赛场检测员，如果当日没有运动员能超过name，那就说明今天的比赛非常无聊，而一旦超过了摄影师，那就是无上的荣誉，即使成绩不理想，也可以说“场地不行，你看name都没发挥好”。
而观众们喜闻乐见的是，冠军们苦巴巴地接过金牌，放出将来要超过摄影师的豪言。",,,,,60,>,0,,,,,,,,,,,,,,,,800,,,,,800,null,0
79,3,all,动画师,"name是二向箔游戏的动画师，专门负责做一些如树叶摇摆、飞鸟、小动物、机械臂的动画。
口头禅是“建模你的骨骼绑定得不好”，然后自己调整一波。在工作中name特别喜欢把Z轴朝上，然后义正言辞地说：“从小学到大学，我就没见过不是Z轴朝上的！”",,,,,,>,0,,,,,,,,,,,,,,,,600,,,400,,,null,0
80,3,all,特效师,"name是二向箔游戏的特效师，制作过许多令人眼前一亮的特效。
name已经习惯了粒子特效，什么都用粒子来做。虽然粒子很方便、很直观，但瓶颈也很明显，如果想要升职，那么name必须做出一些改变。",,,35,,,>,0,,,,,,,,,,,,,,,,800,,,400,,,null,0
81,4,all,高级动画师,"name是二向箔游戏的高级动画师，专门制作游戏内生物的动作动画。
虽然动作捕捉大行其道，但还有许多动作是演员门办不到了，总是需要微调。对于工作的枯燥程度，用name的话来说就是“再多看几遍就要吐了，我已经完全看不出修改前和修改后的区别”。
你如果看到游戏中有很迷惑的动作，那没跑了，一定是name已经在反复的微调中迷失了自我。",30,,,,,>,0,,,,,,,,,,,,,,,,800,,,800,200,,null,0
82,4,all,高级特效师,"name是二向箔游戏的高级特效师，专为公司攻克特效方面的技术难关。
name的工作非常辛苦，往往为了一些细节的反复修改而加班，最怕的就是领导来一句“我感觉不太行，还是用回第一版吧”。
即使拿着远超大多数人的工资，name仍然对前途充满了绝望，因为再过几年就35岁了，马上就要进入老年期，如果再不能证明自己的不可替代，就要被淘汰了。",30,,55,,,>,0,,,,,,,,,,,,,,,,900,,,800,200,,null,0
83,5,all,全栈视觉设计师,"name从业技术美术多年，有着极高的技术造诣，精通材质、动作、粒子、动画、着色器技术，文能画油画、水彩，理能求变换矩阵、高阶微分方程。
TA的博客非常火爆，每天都有人讨论常人看不懂的东西，今天一个新技术，明天一个“XX效果的简单实现”，后天一个“浅谈XX优化”。不知道的还以为是另一个知网。",30,,60,,,>,0,800,800,800,,800,800,,,800,,,,800,,,800,,,800,800,800,null,0
84,2,all,厨师,"name毕业后没有从事专业对口的工作，反而凭借对厨艺的一腔热血，选择了一份厨师工作。
由于工作的特殊性，每天都是11点上班，21点下班，回到家已经是半夜了。
每日与食材作伴，让name的双手变得粗糙、身上总是伴随着血腥味、手臂上星星点点地烫伤。
不过，凭借着优秀的厨艺，name的职业前景非常不错，将来的收入也会不断升高，不必担心有淘汰的风险。",,,,,,,,,,,,,,,,550,,,,,,,,500,,,,,null,0
85,2,all,奶茶销售员,"name的专业技能不足，很久都没有找到符合心意的工作。
一次路过奶茶店时，看到了招聘信息，name回忆起曾经自己学习过不少制作奶茶的知识，从此当上了奶茶销售员。
name相貌出众，做的奶茶也很好喝，吸引了不少贪图name的人天天来买奶茶喝。",,20,,10,,,,,,,,,,,,,,,,,,,,400,,,,,null,0
86,4,all,星级大厨,"name凭借优秀的烹饪技艺与丰富的烹饪经验，加入了一家星级餐厅，短短3年就升职成为了主厨，名下还有一群学徒。
name非常喜欢做中西结合菜，芝士面条、红烧牛排、酸甜炸火鸡、黄焖鱼子酱、草莓爆炒牛油果......都是name的得意作品，当然这也让这家星级餐厅饱受争议，好评差评两极分化，什么“外国人不吃，中国人也不吃”“崇洋媚外”“用脚做菜”的评论比比皆是。",,,20,,,,,,,,,,,,,600,,,,200,,,,900,,,,,null,0
87,4,all,美食研究员,"name毕业后加入了水月捞，水月捞是一家全国性美食餐厅品牌，主打新奇口味，菜品迭代迅速，每个季度只保留1样作为常驻菜品。
而name的工作就是开发新菜品，当然公司对新菜品也是有要求的，一是吃了不会出问题，二是必须保持创新，三是研究员必须自己试吃。
据说最近的折耳根味草莓打卤面就是name的作品，你或许可以去试试......",,,35,,,,,700,700,700,,,,,,600,,,,,,200,,800,,,,,null,0
88,5,all,营养学院士,"name对营养学的研究已经是国内数一数二的了，TA带领的团队解开了许多关于吃喝营养的疑难问题。
比如如何减少人体内的重金属、如何根治便秘、如何正确对待转基因食品等等，都曾是name团队攻克过的难关。不过最引人注目的不是这些，而是TA前些年发表的《关于情绪是如何对人体消化系统进行干预的研究》一文，即使你根本看不懂文中的专业术语，但简单看一下引用数就知道，
这篇看似水文的文章肯定非同寻常。",,,45,,,,,800,800,800,,,,,900,900,,,,,,400,,900,,,,,null,0
89,3,all,烹饪研究员,"name毕业后加入了一家国际大酒店，专门为客户定制美食。
工作中涉及的美食种类非常丰富，从十大菜系到西餐糕点，从烧烤火锅到生鱼饭团，虽然name也不是样样精通，但也能够满足不同客户的需求了。
最讽刺的是，上班时name能为了一盒无菌鸡蛋提前一周做好预定。下班后如果不出意外，name会选择点外卖。",,,35,,,,,700,700,700,,,,,600,800,,,,500,,200,,800,,,,,null,0
90,4,4,私厨餐厅老板,"name毕业后自认为厨艺精通，在家里的大力投资之下，开了一家私厨餐厅，由name亲自掌厨。
开店2年，name坚持采用价格高、有品牌的蔬菜肉类，每一个细节都一丝不苟，店面虽然备受好评，但生意并不火爆，只是勉强维持。
有美食评论家留言：这是一家看得见诚意的餐厅，每一个螃蟹都很大，很肥，感觉店家亏了。",,10,20,,,,,,,,,,,,,,,,,,,,,500,,,,,null,0
91,5,4,星级餐厅老板,"name毕业后没有立刻开始工作，而是周游世界，去了很多家餐厅学习，从装修、菜品、服务、原料等多个方面进行了深入的学习。
回国后name就开了一家名为“希望餐厅”的餐厅，该餐厅借鉴了许多国内外的风格，厨师也是特别聘请的星级厨师，服务员都至少是大专学历。
当然，这家餐厅的主要业务是给成功企业家们打卡，许多富贵豪门都喜欢在“希望餐厅”就餐，或许这就是名人效应？",,20,40,20,,,,,,,,,,,,,,,,,,,,900,,,,,null,0
92,2,all,盗墓者,"name在整理一些古籍时发现这么一句话“黑湖祠以北五十里，名曰二塘，埋身家无数”。顿时觉得有利可图，取到古人遗留下来的宝藏后，name对盗墓的兴趣就一发不可收拾，毕竟没有什么能够比暴富来得更爽快的事情了。
当然，name也不是什么都拿，比如瓷器、青铜器、铁器，这类宝藏没有实际价值，只能送给博物馆。言下之意就是只拿金条银锭，其他东西都没用。",,,,,10,<,0,,,,,500,,,,,,,,,,,,,500,,,100,null,0
93,3,all,盗墓团团长,"name凭借着对历史和考古的了解，在数次挖到宝藏后非常富足，但name不仅没有收手，而是成立了一个盗墓团，专门对古代豪门世家的墓地、藏金处下手，获取大量财物。
name的盗墓团非常隐蔽，对外宣称是一家地质勘探公司，很少承接勘探任务，多是自己在山间晃荡。
盗墓团虽然被揭发报官过几次，但都因为挖掘的墓地不具有历史、科学、艺术价值而逃过一劫。name也意识到团里怕官风气严重，在一次挖掘到疑似皇陵后委托村民上报，自己则带领团队跑路。之后的工作重心开始转向海外，不再“帮助别人发现古墓”。",,,30,30,20,<,0,,,,,900,,,,,,,,,,,,,900,,,500,null,0
94,2,all,考古学者,"name毕业后留在了学校，加入了一个官方的考古团队。name已经不是那个一听到考古就开始幻想粽子、机关、毒气的孩子了，而是本着认真负责的态度来对待每一寸土地，连使用地质刷都比别人轻三分。
name在工作中最期待莫的过于玉器了，TA对玉器的研究非常深入，中华上下五千年中，玉器从粗犷到精致，从抽象到写实，name能仅在看到玉器时就推断出遗址的年代。",,,10,,,>,0,,,,,500,,,,,,,,,,,,,500,,,,null,0
95,3,all,鉴宝师,"鉴宝师是最近几年热门起来的职业，最好笑的是，宝物的价格可以是金钱，也可以是时间，也可以是心肌梗塞。name通过不断地学习，考到了鉴宝师一级证书，有很强的鉴宝职业素质。
name看到宝友发现自己珍藏的宝贝都是赝品而面红耳赤的表情，就会非常兴奋。心里一阵：哈哈哈，大傻子，被骗了吧。建立在他人痛苦上的快乐真的很快乐。
",,,25,10,,>,0,,,,,500,500,,,200,,,,,,,,,600,,,,null,0
96,4,all,古生物学专家,"name毕业后留在了学校，从事古生物学的研究。name的主要研究领域是古孢粉学，这一研究化石孢子花粉的形态、分类、组合分布及其进化规律的科学对地层划分有着重大意义。
虽然很多人不理解name为什么会从事这么偏门、又不能直接收获效益的工作，但是name都耐心回答：“我们的目标是星辰大海。”
",30,,25,,,>,0,600,600,600,,700,,,,700,,,,,,,,,800,,,,null,0
97,5,all,侏罗纪博物馆雕塑家,"如果要问谁是历史、生物、考古学科里“全知全能”的人，那就非name莫属了。俗话说不会考古的生物学家不是好的雕塑家，name在博物馆里专门为那些只剩骨架的化石生物模拟复原，并且纯手工打造一比一模型。 
name会为同一种生物雕刻三种模型，一是博物馆科普用模型，二是随心抽象化模型，三是拟人化模型。其中抽象化模型会对外拍卖，拟人化模型则是抽奖送出。这一套组合拳下来，令博物馆的游客总是络绎不绝，name的名气也是越来越大，谁不想要一个售价至少几十万的大师级模型呢。",30,,20,,10,>,0,500,500,500,,800,,,,800,,,,800,,,,,800,,,,null,0
98,4,all,国家博物馆研究员,"name博览群书，知识渊博。毕业后凭借出众的才能加入了国家博物馆，成为了一名研究员。
name与众多同僚一样，做着门槛最高的工作，过着最平凡的生活。博物馆研究员可不是什么人都能当的，最低门槛都是博士，平均达到了博士后。工作中他们不是为了挣大钱，也不为哪位老板负责，更不为哪家企业负责，他们是对全人类负责！
有时候name会想，当初如果不那么努力学习，就可以做点能赚大钱然后混吃等死的工作呢。",,,45,,10,>,0,500,500,500,,800,,500,,800,,,,800,,,,,800,,,,null,0
99,3,all,古文字学专家,"name精通文学、历史、考古，对古文字有着非常深入的研究。现就职于省汉语言文学研究所，是省内为数不多的古文字学专家。
name的工作是辨认、解读、翻译古代文字、文章，著名的《新版诗经》就是name的翻译成果，《新版诗经》的用词更为通俗、暴力、露骨，着重显露古人有求必作、直来直去的思想，与其他版本的《诗经》出入很大。
name本职工作的收入并不理想，因为古文字学并不能产生直接经济效益，所以name经常开古文字展览会，通过展示文字的演变、古文字趣事等获取额外收益，现在生活也相当美满。",,,25,,,>,0,900,,,,900,,,,,,,,,,,,,900,,,,null,0
100,2,all,原画师,"name通过坚持不懈地绘画，毕业后成为了一名原画师。name的绘画水平并不出众，很少能拿出令人眼前一亮的作品，但好在name出图稳定、任劳任怨、风格持久，经常能接到大单子。
name一直梦想着能够加入一家从创意出发的游戏公司，能够为自己喜欢的游戏添砖加瓦。或许是name在氪金游戏中沉沦了太久，导致TA出图的风格越来越平庸，越来越像商业氪金游戏。",,,10,,,,,200,200,,,,,,,200,,,,,,,,,,,500,,null,0
101,3,all,绘画教师,"name是一位中学绘画教师，最喜欢的就是素描，TA教学生最多的也是素描。
name的授课风格与其他人有很大的不同，TA是完全把学生们当作艺术生来培养。name会将每周只有一节的美术课分成两部分，第一部分用来教授绘画技巧或者现场表演改画，第二部分由学生自主绘画。
最让学生们大呼过瘾的是，name会将画得最差的一幅作品拿出来修改，让学生们见识什么是绘画界的妙手回春。",,,16,27,,,,300,300,,,,,,,300,,500,,,,,,,,,600,,null,0
102,4,all,原画大触,"name的绘画水平高超，独特的粗犷硬朗画风深受粉丝喜爱。TA是去年年度游戏《玉皇大帝》的美术风格提供者，也是这款游戏主要角色的原画师。
name的作品非常由辨识度，在这个娘化、阴柔、可爱风格盛行的时期，name以血气、刚硬、粗犷的风格杀出重围，开辟出了另一种大风格，打破了萌化一统江山的局面。
name是阴柔文化的反对者，曾在空间中发文：“把男性的胸部画成女性的模样是在对我眼球的侮辱，我再也不想看到某些同行的画作。”",,,20,,,,,600,600,,,,,,,300,,,,,,,,,,,800,,null,0
103,4,all,全能画师,"name毕业后加入了智者科技，成为了庄周工作室的一名画师。庄周工作室是智者科技成立的小游戏部门，专门为智者科技旗下的设备提供一些小游戏。
name所在项目组仅有三个人，一位美术、一位策划、一位程序。所以name揽下了所有美术的工作，原画、UI、场景、建模、贴图、材质、特效等全部由name一人完成，久而久之name就变成了一位全能型选手，只要和美术相关的，name都学会了如何去完成它。
或许正式因为name的全能，让项目组产品的风格总是能让人眼前一亮，不由得发出“原来还能这样”的惊呼。",,,20,10,,,,500,500,,,,,,,300,,,,500,,,,,,500,800,,null,0
104,5,all,另类画师,"name的美术水平及其高超，绘画成就已经登峰造极，说TA是毕加索二世都不为过。
伟大的艺术家通常会在作品中深入的探索人性，在这个领域里稍有不慎就会迷失，周围通常伴随着抑郁、疯癫、痴狂。只有深陷在某种特殊精神状态下才会有伟大作品的诞生，没有足够的精神养料很容易失控。
name近期的作品非常喜欢曲线，直线、抛物线、圆弧、椭圆、双曲线都是name的“得力助手”，最近的作品还出现了正弦波，鬼知道name是怎么把这些奇奇怪怪的曲线融入作品的。",30,,25,,,,,500,500,,,,,,,800,,,,,,,,,,,800,,null,0
105,3,all,建模师,"name是二向箔游戏的建模专员，凭借一手高超的建模能力，让领导不忍心让TA去做别的事情。一直以来二向箔游戏的人物建模都是“原画美若天仙，建模毁掉所有”，直到name加入，一切才得以改变。
name也不是都会遵循原画的人，毕竟原画师经常会搞出一些反生理的东西出来，这个时候就需要建模师好好想想用什么刀子架在原画脖子上。
《论建模师是如何将纸片人盘活的》、《原画随便画我能委屈求全吗》、《谁是制片人的身躯赐予者》等诸多问题都在name这里得到了完美的解答。",,,15,,,,,,700,,,,,,,,,,,200,,,,,,500,700,,null,0
106,4,all,技术美术,"name兼修绘画与编程，能够很好地在两者之间做好衔接，成为了一名技术美术。name在一家创业影视公司工作，专为动画提供特效、渲染支持，偶尔接一些游戏公司的定制特效。
name的工作充满了新鲜感，不仅需要制作特效，还要时刻紧跟时代前沿，学习新技术、新插件。name虽然拿着高薪，但TA的紧迫感十足，因为技术美术里的东西，没有什么能用长久的，经常出现技术迭代，稍有懈怠就会跟不上队伍，被最新技术淘汰。",,,55,,,,,,900,900,,,,,,,,,,,,,,,,900,900,,null,0
107,2,all,语文教师,"name没有什么特别的爱好，毕业后考到了教师资格证，凭借不错的语文水平，当上了一名语文教师。
name经常在课堂上发表振奋人心的演讲，激励了一些学生的精神，开始奋发图强。
或许教学方式有问题，又或许是什么其他的原因。name所带的班级，考试的平均分总是没能在全年级上排到前列，虽然有几个拔尖的，但name也知道那不是自己的功劳。",,10,20,20,,>,20,700,500,500,,,,,,,,,,,,,,,,,,,null,0
108,2,all,数学教师,"name没有什么特别的爱好，毕业后考到了教师资格证，凭借不错的数学水平，当上了一名数学教师。
name经常在课堂上发表振奋人心的演讲，激励了一些学生的精神，开始奋发图强。
或许教学方式有问题，又或许是什么其他的原因。name所带的班级，考试的平均分总是没能在全年级上排到前列，虽然有几个拔尖的，但name也知道那不是自己的功劳。",,10,20,20,,>,20,500,700,500,,,,,,,,,,,,,,,,,,,null,0
109,2,all,英语教师,"name没有什么特别的爱好，毕业后考到了教师资格证，凭借不错的英语水平，当上了一名英语教师。
nam每次上课都会穿着不同风格的服装，激励了一些学生的精神，给学生留下了学好英语就会有钱的印象。
或许教学方式有问题，又或许是什么其他的原因。name所带的班级，考试的平均分总是没能在全年级上排到前列，虽然有几个拔尖的，但name也知道那不是自己的功劳。",,10,20,20,,>,20,500,500,700,,,,,,,,,,,,,,,,,,,null,0
110,2,all,理科教师,"name理科非常优秀，又没有什么特别的爱好，毕业后考到了教师资格证，当上了一名理科教师。
name经常带领学生做一些有趣的实验，激发了学生的求知欲望，提高了学生的学习成绩。
或许是教学方式有问题，又或许是什么其他的原因。name所带的班级，考试的平均分总是没能在全年级上排到前列，虽然有几个拔尖的，但name也知道那不是自己的功劳。",,10,20,20,,>,20,500,500,500,,,,500,500,500,,,,,,,,,,,,,null,0
111,2,all,文科教师,"name文科非常优秀，又没有什么特别的爱好，毕业后考到了教师资格证，当上了一名文科教师。
name经常讲一些古代人物的趣事八卦，吸引了不少学生的八卦之心，虽然对考试无用，但让学生们认知的古人开始鲜活起来。
或许是教学方式有问题，又或许是什么其他的原因。name所带的班级，考试的平均分总是没能在全年级上排到前列，虽然有几个拔尖的，但name也知道那不是自己的功劳。",,10,20,20,,>,20,500,500,500,500,500,500,,,,,,,,,,,,,,,,null,0
112,3,all,特级语文教师,"name读书时品学兼优，教书时战果累累。最出名的是，name在前年带领本校学生参加全国汉字大赛，获得第一名的成绩，可谓是轰动全市。
name作为一名资深教师，几乎不会对学生发脾气，布置的作业前总是会征求学生们的意见，防止作业过多对学生造成困扰，讲题时总会询问学生们是否能够理解，如果不能理解，TA还有很多种解体思路。善宇倾听学生混乱的提问方式，总是能够对症下药，从不做多余的讲解。
总之，name是一位深受学生们喜爱的教师。",,10,35,35,,>,20,950,700,700,,,,,,,,,,,,,,,,,,,null,0
113,3,all,特级数学教师,"name读书时品学兼优，教书时战果累累。最出名的是，name在前年带领本校学生参加全国奥数大赛，获得第一名的成绩，可谓是轰动全市。
name作为一名资深教师，几乎不会对学生发脾气，布置的作业前总是会征求学生们的意见，防止作业过多对学生造成困扰，讲题时总会询问学生们是否能够理解，如果不能理解，TA还有很多种解体思路。善宇倾听学生混乱的提问方式，总是能够对症下药，从不做多余的讲解。
总之，name是一位深受学生们喜爱的教师。",,10,35,35,,>,20,700,950,700,,,,,,,,,,,,,,,,,,,null,0
114,3,all,特级英语教师,"name读书时品学兼优，教书时战果累累。最出名的是，name在前年带领本校学生参加全国英语口语大赛，获得第一名的成绩，可谓是轰动全市。
name作为一名资深教师，几乎不会对学生发脾气，布置的作业前总是会征求学生们的意见，防止作业过多对学生造成困扰，讲题时总会询问学生们是否能够理解，如果不能理解，TA还有很多种解体思路。善宇倾听学生混乱的提问方式，总是能够对症下药，从不做多余的讲解。
总之，name是一位深受学生们喜爱的教师。",,10,35,35,,>,20,700,700,950,,,,,,,,,,,,,,,,,,,null,0
115,3,all,特级理科教师,"name读书时品学兼优，教书时战果累累。最出名的是，name在前年带领本校学生参加全国物理大赛，获得第一名的成绩，可谓是轰动全市。
name作为一名资深教师，几乎不会对学生发脾气，布置的作业前总是会征求学生们的意见，防止作业过多对学生造成困扰，讲题时总会询问学生们是否能够理解，如果不能理解，TA还有很多种解体思路。善宇倾听学生混乱的提问方式，总是能够对症下药，从不做多余的讲解。
总之，name是一位深受学生们喜爱的教师。",,10,35,35,,>,20,700,700,700,,,,700,700,700,,,,,,,,,,,,,null,0
116,3,all,特级文科教师,"name读书时品学兼优，教书时战果累累。最出名的是，name在前年带领本校学生参加全国历史大赛，获得第一名的成绩，可谓是轰动全市。
name作为一名资深教师，几乎不会对学生发脾气，布置的作业前总是会征求学生们的意见，防止作业过多对学生造成困扰，讲题时总会询问学生们是否能够理解，如果不能理解，TA还有很多种解体思路。善宇倾听学生混乱的提问方式，总是能够对症下药，从不做多余的讲解。
总之，name是一位深受学生们喜爱的教师。",,10,35,35,,>,20,700,700,700,700,700,700,,,,,,,,,,,,,,,,null,0
117,0,all,植物人,"name没有坚持下去，不再醒来。
name的大脑是有波动的，但无论如何都无法唤醒，没有任何事物能够引起name的兴趣。",,-100,-100,-100,-1000,>,-100,-100,-100,-100,-100,-100,-100,-100,-100,-100,-100,-100,-100,-100,-100,-100,-100,-100,-100,-100,-100,-100,null,0
118,1,4,继承家业,"name过于懒惰，什么都不会，什么都不愿意学。
毕业后被迫继承家业，成为了文氏集团的董事。虽然name什么都不用干，但是总会灵光一闪，四处提需求，弄得公司上下忙忙碌碌，热火朝天。",,,,,,,,,,,,,,,,,,,,,,,,,,,,,null,0
119,5,1,生物学双院士,"name非常偏爱种植，经常泡在实验室里，导致TA英语、数学、选修等课程全部挂科。
TA的导师这样评价TA：“name已经不把自己当学生了，而且把自己当成了一名真正的科研学者。如果TA毕业时能拿出优秀的成功，我愿意带刀去校长室带一本学位证书出来。”
......
name毕业时拿出了一本厚厚的《叶绿动力论》，书中提出的“光合作用是最现成、最环保、有望工业化替代光伏的能源来源”，获得了大量的关注。近年来“环保”的理念屡次被歪曲、误解，众多学者也经常声讨那些虚假的环保理念，可都无济于事，而name提到的类似“烧柴最环保”更是遭到了无数人的口诛笔伐。
name在之后的时间中无视了外界对TA的质疑，潜心研究生物质能。功夫不负有心人，数年后name团队培育的“绿阴发电机”开始进入试用阶段，其真正的从制造到使用、从报废到回收，无污染的特性获得了广泛的好评，name凭此获得诺贝尔奖和双院士荣誉称号，对人类的贡献堪称巨大。",,,,,,,,,,,,,,,,950,,,,,,950,,,,,,,null,0
120,5,1,甲骨文翻译官,"name毕业后加入了国家古文字学研究所，专职研究古代文字。name所研究的文字主要是金文与篆书，这两者都是与甲骨文有很大程度上相似的文字，这就能解释为什么name被叫做“甲骨文翻译官”了。
name非常热爱自己的事业，别的同事业余时间都会去玩游戏、旅游、逛街等，培养一些兴趣爱好。而name即使业余时间，也会去给大众科普一些有趣的文字、诗词，这就是name最大的兴趣爱好。
name经常活跃在社交平台，发布的一些奇奇怪怪文字解读深得广大网友喜爱，由于古文很像一堆虫子，name还获得了“毛虫主任”的绰号。网上出现一些难以阅读的手写文字时，name的账号就会被疯狂呼叫，name也从不高冷，经常能够给出“权威解读”。总之，从事古文研究的name过得非常好。",50,,,,,,,,,,,950,,,,,,,,,,,,,950,,,,null,0
121,5,1,保送留学,"name接受了国外名校的招揽，前往国外留学。据悉，name在校成绩非常优异，几乎每门课的考试都能拿到第一，可惜的是，name参加过许多比赛，但无一获奖。
name在父亲的极力推荐下，选择了金融学，虽然成绩很好，但name知道自己并不喜欢金融学。
name只知道自己不喜欢做什么，不知道自己想做什么。",50,,,,,,,900,900,900,900,500,500,500,500,500,,,,,,,,,,,,,null,0
122,5,2,首席外交官,"name精通17门语言，不那么熟练21门语言。是柏坦加利之树外交部门的首席发言人，发言人的职责是在一定时间内就与公司相关的重大事件或时事，约见记者或举办新闻发布会、记者招待会，针对有关问题阐述本部门的观点立场。
面对记者，name纵使口才再好，在面对一些刁钻、无礼的提问时，也会哑口无言，但是name脸皮够厚，善于自嘲，总能稳住局面，避免发言事故。
name非常喜欢现在的工作和生活，能够经常与不同的人交流使name精神舒爽。name也是全公司唯一指定社交牛X症患者，而且几乎每天上演着病发现场。",50,,,60,,>,20,,,950,500,,,,,,,400,,,,,,,,,,,null,0
123,5,2,歌王,"name的歌在大学时就已经开始流行，毕业后签约终点文娱，开始了演艺圈生涯。name有非常出色的歌唱功底，又是一位创意型作曲家，还有着独特的艺术风格，非常有自己的风格。
name非常喜欢在歌曲中加入一种独特的“海妖旋律”，几乎每首歌都会有，很多歌曲一听就知道是name的。
说起来也奇怪，在说唱极为流行的当下，name在开始正真成为歌手后没有任何一首歌有说唱元素，即使歌迷们天天留言求说唱也无动于衷。
你看到name最近的动态是：“我看到今年的最佳男歌手已经不是我了，为什么各大榜单上还都是我和我的歌≡[。。]≡【图】【图】【图】”，不由得大骂一声老凡尔赛人了。",50,60,,40,,,,,,,,,,,,,950,,,,,,,,,,,,null,0
124,5,2,影帝,"name现在是一位我们耳熟能详的演员，经常在电影、电视剧、短片中作为重要角色出演。name拿过许许多多的演员奖项，就连年度最佳男演员都连续拿了两次，现在29岁的name已经不参与各大奖项的评选了，说是要把机会留给新人。（新人：礼貌？）
name在一次采访中赞扬过你，说你是“人生道路上的一盏明灯，引领我走向梦想的道路”，如果当年你没有培养TA的表演兴趣，就不会有今天的影帝。",50,60,,40,,,,,,,,,,,,,,950,,,,,,,,,,,null,0
125,5,3,气象学双院士,"name毕业后加入了省气象研究院，成为了气象预测组最年轻的成员。要问世界上算力最强大的一批计算机都是拿来做什么的？那就是预测天气，即便如此，我们的天气预报依旧经常变卦、睁眼说瞎话。而name的任务就是提高预测的准确率，通过优化计算流程、更改计算方法、调整各项参数，甚至是研究新计算公式，来不断提高预测的准确率。
name最新的成果是得出了暴雨持续后到晴天的经验公式，虽然在很多专家看来，这个公式很不讲道理，但经过多个案例的验证，它的准确率比以往任何公式都要高。
如果说卢克•霍华德是气象学之父，那name就是气象学的解剖师，name总能在无须庞杂的气象系统中，总结出漂漂亮亮的公式，现在name已经有八个以自己名字命名的公式了，人们亲切地称这些公式为“name八式”。",50,,30,,,,,,950,,,600,950,500,,,,,,,,,,,,,,,null,0
126,5,3,非遗手工匠师,"name在校时便展现出了超高的手工水平，TA会的东西很多，但最出众的莫过于竹艺了。毕业后进入竹编博物馆工作，弘扬我国优秀的传统文化。
从传统的竹席、竹帘、竹笥、竹扇、竹篮、竹篓，到手机支架、木马、自行车、行李箱、键盘，name的作品涵盖了生活的方方面面。
name的工资不高，可以说是很低，但name从来没想过要换行业，因为name一直热爱着这份竹编事业。TA曾使用全竹屋子生活了一段时间，可见TA对竹编的喜爱。",50,,30,,,,,,,,,,,,,,,,,950,,,,,,,,,null,0
127,5,3,田径冠军,"name的身体素质极强，配合万里挑一的运动天赋，成为了一名职业运动员。
name原本是短跑运动员，爆发力强是TA的特点，国内很少有人能够在50米、100米内跑过name，后来经过体育局的综合鉴定，认为耐力才是name的特长，后来name就成为了马拉松运动员。
经过3年的马拉松比赛，name的成绩在国内难寻敌手，但是在国外始终取不到好成绩，再后来name又成为了铁人三项运动员，这次TA不一样了。
马拉松单项里name是前2的，游泳单项里name是前5的，自行车里name是前5的，综合下来就是第一名。是的，name的短板并不明显，综合体能非常出众，累计参与8次国际铁人三项比赛，6金1银就是name给出的答案。或许我们能够在下次奥运赛场上见到name的身影，不，应该是在最高领奖台上看到name的身影。",50,,,,80,,,,,,,,,,,,,,,,,,,,,,,950,null,0
128,5,4,政界精英,"name毕业后参加了大学生下基层行动，深刻体会到了偏远地区人们生活的不便，去集市赶圩要走2个小时，取快递要走半个小时，去田里远的要走1个小时。虽然公路水电齐全，但很少有人家拥有摩托车，除了少数几家，大多数人还是习惯步行出门。
年轻的name村官看到了这个问题，向上级提出意见，得到了一辆不错的电三轮车。从此name成为村里最靓的司机，每当开圩之日，name都会载着满满一车人前去赶圩，每当农忙之时，name都会帮乡亲们运载谷物。name的举动得到了广大乡民的认可，成为了下一届人大代表。
name认真负责、善于发现问题的态度，在成为镇人大代表后越发突显出来，屡屡获得认可，不出几年就成为了省级人大代表。之后name考取了公务员，开始在政治领域发光发热......
name非常热爱这份事业，曾经是“富二代”的TA，在经过下基层行动后，更能认识到人们需要什么，更能认识到共同富裕这个伟大目标的正确性。令name烦恼的是，TA的哥哥在很多年前加入了美国国际，这也让name频频落人口舌、被人指指点点，TA只想说“我堂堂正正，问心无愧”。",50,,30,,,>,20,950,,,950,,,,,,,,,,,,,,,,,,null,0
129,5,4,AI专家,"name精通计算、运筹、编程，目前是二向箔游戏的AI专家。name最大的成就就是提出了多维渐进式AI计算模型，这个模型大大减少了AI成长所需的模拟次数，极大的加快了AI的成熟。
据说现在name正在研究的是基于大脑思维方式的人工智能，这种AI能够以极少的模拟完成所需目标，并且所占用的空间并不会无限制的增长，有很大希望能够取代之前的低效人工智能。如果name真的办到了，说不定真能引发智械危机？因为name的这套底层逻辑明显带有强烈的“好奇心”和“试试就试试”的指令。
据报道，实验室里的第一台人形AI开机就直接失败了，查看运行后情况发现，AI为了保全自身硬盘的完好选择了不开机......",50,,30,,,,,,950,,,,,,,,,,,,950,,,,,960,,,null,0
130,5,4,百大UP主,"name因毕业后在网络发布的《我的大学——招生简章》视频而一炮而红，家境不错的name没有直接参加工作，而是试着做一些视频赚取流量。刚开始时收获还不错，但是随着时间的推移，效果越来越差，name这才醒悟过来，TA需要一些改变，经过一段时间的调整，name的视频有了很大改变，加入了互动、搞笑、点评环节，去除了凑时间的无意义环节，并且视频始终是倍速播放，大大提升了视频的流量。
凭借优秀的剪辑技术和创新的解说技巧，name两年就收获了800w粉丝、近2亿点赞，TA的视频经常出现在头条之中。火爆的视频节目让name的人气一路红红火火，在各类投票中更是遥遥领先于其他人，现已成为百大UP主中最出名的几位之一。",50,,,,,,,,,,,,,,,,,,,,,,950,,,,950,,null,0