PlotId,Text,RoleID,RolePortrait,NextPlotId,ResultsB,ResultsA
0000,距离“营改非”也过去了有一段时间了，我虽然本来就是公立学校出身，对课外补习班了解也不多。,player,,0000.1,,
0000.1,主动进入学生的生活，应该可以更好的培养学生，所以我加入了周末托管的组织，我有信心在辅导班中做得更好。,player,,0000.2,,
0000.2,这个组织一半公立一半私立，是局里从之前被关闭的补习班收购来的，现在还处于实验阶段。,player,,0000.3,,
0000.3,<color=red>我的任务，就是试试进入学生生活的教育模式，能否更有效的培养学生！</color>,player,,0000.4,,
0000.4,......,player,,0000.5,,
0000.5,呼~这下算是把“大本营”收拾的差不多了，账户里钱也花的七七八八，要赶快运行才行。这里距离黑湖中学就隔了一条街，倒是挺近，不知道会来什么样的学生。,player,,0000.6,UpDoor,
0000.6,一中年男子推开门走了进来。,null,,0000.7,,
0000.7,你好，这里是全托班吗,10,,0000.8,,
0000.8,是的，有什么事情吗？,player,,0000.9,,
0000.9,我看通知说这间辅导班被局里改成实验班了，来看看你们想怎么实验，哈哈哈...我叫<b>肖正道</b>，你应该知道我的，怎么称呼？,10,,rename,,
rename,肖总你好，我是全托班的负责人_____,player,,0000.10,,
0000.10,这么说您之前就是这家辅导班的股东了呀，快来坐坐。,player,,0000.11,,
0000.11,没事我很快就要走，不用客气。,10,,0000.12,,
0000.12,中年男子快速的扫视了一眼周边环境，越来越觉得走这趟挺值的。,null,,0000.13,,
0000.13,是这样的，我的女儿在黑湖中学上学，开学高一。我想着呢，正好可以加入你们实验班，想来公立的老师肯定不比私立的差，你看行不行。,10,,0000.14,,
0000.14,应该可以的，回头我给招生办打个招呼，前提是您女儿选择了全住校哈。,player,,0000.15,,
0000.15,那就拜托了。我的小女儿……她叫肖杜薇薇，我平常实在太忙了，希望来到这里可以学得更好，至少不比之前的补习班差。,10,,0000.16,,
0000.16,没问题，但是费用这些要比住校贵一些，到时候局里会通知缴费的哈。,player,,0000.17,,
0000.17,拜托了，请务必帮助她考上一个一流大学。,10,,0000.18,,
0000.18,这肖总，年龄怕是和我爸差不多了，想来也是相应国家号召才有了小女儿。说起来……这信封也太复古了吧，哈哈……,player,,exit,,
,,,,,,
1000,啊，为教育事业搬砖的一周。看看实验班的教育经费到账没有。,player,,1000.1,,
1000.1,不是吧，一个学期才一万，大家周末躺平好了······咚、咚（敲门声）,player,,1000.2,UpJF,TimeJF
1000.2,一个看上去很乖巧的少女有些局促的站在门口。,null,,1000.3,UpDoor,
1000.3,你好，你就是肖杜薇薇同学吧,player,,1000.4,,
1000.4,嗯……abbName老师你好，我应该报过名的。,1,,1000.5,1up01,1time01
1000.5,她看上去有点拘谨，不过刚来放不开也是正常。,null,,1000.6,,
1000.6,嗯，今后你就是实验班的一员了，今后周末都住在实验班里。现在实验班刚开，房间都是单人间的，比学校好很多噢。,player,,1000.7,,
1000.7,谢谢老师。,1,,1000.12,,
1000.12,周末会有安排的噢，不要随意出门。,player,,1000.13,,
1000.13,好，那……老师再见。,1,,exit,,
,,,,,,
1101,一般说刺激性气味，是指闻不到具体味道，但是呛鼻子、辣鼻子的味道。,1,,1101.1,,
1101.1,好专业，完全听不懂,2,,1101.2,,
1101.2,我是在者也社区上看到的，这个社区经常会科普一些小知识。,1,,1101.3,1up02,
1101.3,好厉害，但是我和知识八字不合。,2,,exit,1st01,
,,,,,,
1001,abbName老师，我总是记住不住洗气瓶哪头进哪头出，能不能再和我说说。,1,,1001.1,,
1001.1,想象自己在对着洗气瓶吹气，能把瓶子里的水吹得咕嘟咕嘟的，就是进气的，另一头就是出气的。,player,,1001.2,1st02,
1001.2,挺有趣的记忆方式，我觉得我以后都记住了。以后可以多教教我化学吗？,1,,1001.3,,
1001.3,哈哈，学习都是讲究方式方法的，这只不过是些奇技淫巧罢了。,player,,B1001.4,,
1001.4A,谢谢老师,1,,exit,1timeHX,
1001.4B,好的，其他课也不错,1,,exit,,
,,,,,,
1002,化学中的盐，和我们平时吃的食盐不是一回事，我们对盐的定义还是比较清楚的......,player,,1002.1,,
1002.1,哈欠~老师我还是不懂，什么是酸根离子，酸不是有氢离子的吗？,1,,1002.2,,
1002.2,就是.....,player,,1002.3,,
1002.3,好难，对化学失去信心。,1,,exit,1timeHXX,
,,,,,,
1003,假期期间，我想到一件事...,1,,1003.1,,
1003.1,我似乎没有什么梦想，我一只以来都是读书学习，争取考个好成绩。,1,,1003.2,,
1003.2,但是我知道，高考的分数只是提供选择的途径。想想以后我要从事什么工作，我就完全没有头绪。,1,,1003.3,,
1003.3,算了，我还是不想这个了，考个好成绩是我努力学习的目的。现在想这个可能太早了。,1,,B1003.4,,
1003.4A,嗯，我现在的任务就是好好学习,1,,1003.5A,,
1003.4B,是吗，那老师多给我尝试新的兴趣课程呀,1,,1003.5B,,
1003.4C,嗯，那我平时多注意一些新事物,1,,1003.5B,,
1003.5A,新学期好好努力，争取排名更靠前,player,,1003.6A,,
1003.6A,那我就继续为高分努力！,1,,exit,,
1003.5B,放心好了，现在培养兴趣完全来得及，你还是学生。,player,,1003.6B,,
1003.6B,那我想先试试<b>种植</b>，在者也上经常能看到悠闲的田园生活，一定很美好。,1,,exit,,
,,,,,,
1003H,我以后想开个花店，每天修修花，种种草。还可以有用花瓣来洗澡，像艺术照片里那样生活。,1,,1003H.1,,
1003H.1,哎？花不是路边摘的吗，而且花草多了之后会有很多虫子的，那种大只的、绿色的毛毛虫。,3,,1003H.2,,
1003H.2,真的吗，太可怕了，我已经起鸡皮疙瘩了。,1,,1003H.3,,
1003H.3,不可怕，就是比较讨厌和吓人，小虫子很少有毒的。,3,,exit,1time003H,
,,,,,,
1100,肖杜薇薇，怎么愁眉苦脸的？,player,,1100.1,,
1100.1,没..没什么...只是困了,1,,1100.2,,
1100.2,昨天晚上不知道怎么，很晚都睡不着。,1,,1100.3,,
1100.3,我看你就是想太多了，压力太大。,3,,B1100,,
1100.3A,谢谢，我会好好调整。,1,,1100.4A,,
1100.4A,不要加糖，不然小心蛀牙。,player,,1100.5A,,
1100.5A,如果身体有什么不适要及时跟我说，失眠久了就要去医院看看了。,player,,1100.6A,,
1100.6A,好的，我还没那么孱弱。,1,,1100.7A,,
1100.7A,嘿哟~原来母老虎也会愁眉苦脸呀？,2,,1100.8A,,
1100.8A,是不是暗恋我呀，我可不喜欢母老虎，我喜欢温柔可人的小姐姐。,2,,1100.9A,,
1100.9A,滚！,1,,1100.10A,1stNN,1timeSM1
1100.10A,略略略....,2,,exit,,
1100.3B,来这份卷子拿着，题目比较基础，做他几道题，困了就睡,player,,1100.4B,,
1100.4B,哇，是什么啊，我看看，我看看~,3,,1100.5B,,
1100.5B,是试卷，你也要来一套吗,player,,1100.6B,,
1100.6B,哇，不要，我拒绝，千万别再加作业了,3,,1100.7B,,
1100.7B,人家薇薇都累死了，还给人加作业，您还是人吗？,3,,1100.8B,,
1100.8B,别，不是你想象的那样,1,,1100.9B,,
1100.9B,哼！小心我投诉你！,3,,exit,1stSM2,1timeSM2
,,,,,,
1101,失眠好了吗？,player,,1101.1,,
1101.1,好了。,1,,1101.2,,
1101.2,我就说嘛，不要想太多，眼睛一闭就能睡着。,3,,1101.3,,
1101.3,你睡觉可真简单，羡慕,1,,1101.4,,
1101.4,走吧，薇薇。我们去买奶茶！,3,,1101.5,,
1101.5,走了，老师再见。,1,,1101.6,,
1101.6,拜拜~,player,,exit,,
,,,,,,
1102,薇薇，这个给你。,3,,1102.1,1up1102,
1102.1,这是什么，泥巴吗？,1,,1102.2,,
1102.2,这是化石，我家后面挖到的，很多都缺胳膊少腿的，这个最完整最好看了。,3,,1102.3,,
1102.3,谢谢，我很喜欢。,1,,1102.4,,
1102.4,我得把它拍下来，问问专业人士，我觉得它有点眼熟。,1,,1102.5,1st1102,
1102.5,...,1,,1102.6,,
1102.6,原来是三叶虫，好像课堂上学过。很像水生的蟑螂就是了...,1,,exit,,
,,,,,,
1103,肖杜薇薇。,player,,1103.1,,
1103.1,嗯？,1,,1103.2,,
1103.2,刚才我看到你们语文老师发的测验成绩了，你语文72分，全班最高！恭喜咯~~,player,,1103.3,,
1103.3,啊，是吗，我...我有点不敢相信...,1,,1103.4,,
1103.4,放轻松，这说明你的努力得到了证实。以后要继续努力哟~,player,,1103.5,,
1103.5,...太..惊喜了..,1,,exit,1st1103,1time1103
,,,,,,
,,,,,,
0004,下个学期会进行高考科目的分班，现在你们都有什么想法吗？,player,,0004.1,,
0004.1,我想选史地生，其他的太难了,4,,0004.2,,
0004.2,哈哈哈，选史地生的能考上大学吗？,3,,0004.3,,
0004.3,要你管，其他的那么难，选简单的怎么了,4,,0004.4,,
0004.4,学校没开史地生的班级，而且你觉得简单，大家都觉得简单。,player,,0004.5,,
0004.5,要知道高考是和其他考生竞争，要竭尽所能拉开差距，史地生虽说容易得高分，但是在高分段竞争非常激烈，稍有失误会被拉开很大差距。,player,,0004.6,,
0004.6,啊，那我还是政史地吧，文科最适合我。,3,,0004.7,,
0004.7,我也是政史地，这三门课中我更喜欢历史课。理科里我只会点化学了，还是政史地比较稳。,1,,0004.8,,
0004.8,哎，你们选的太普通了。我就不一样，我选物生地，这叫宁做凤尾，不做鸡头。,2,,0004.9,,
0004.9,笑死，这能叫凤尾？我选政史物，我这才叫高难度。,4,,0004.10,,
0004.10,停停停，不要这么早做决定，到学期末我会再问一次。这段时间我会好好安排你们的学习重心，你们也好好想想。,player,,0004.11,,
0004.11,如果想进入理工科领域，物理一定不能少，如果想进入公职人员领域，或者国家机关的，政治最好要有。,player,,0004.12,,
0004.12,大家散了吧，再说一遍，不要瞎选。,player,,exit,0upXQ,
,,,,,,
0001,同学们，期末考试要认真做题，看清楚题目在答题，写完了不准交卷，要认真检查...,player,,0001.1,,
0001.1,会的会的，跟班主任一样啰嗦,2,,0001.2,,
0001.2,我还是有点心慌慌，一说起考试，我就内急。,3,,0001.3,,
0001.3,可以带纸尿裤，成人款的。,4,,0001.4,,
0001.4,没那么夸张，考前记得上厕所，不要喝太多水。,player,,0001.5,,
0001.5,是呢，而且早餐最好不要喝牛奶，容易乳糖不耐受。,1,,0001.6,,
0001.6,好了，祝大家旗开得胜，考得好成绩。,player,,exit,,
,,,,,,
0100,一个假期过去了，大家过的如何呀？,player,,0100.1,,
0100.1,从高二开始，你们就要面对人生的一个重要选择————分班。,player,,0100.2,,
0100.2,现在开始，一直到大概第五周，你们需要定下自己的意愿，选三门科门来报名高考。,player,,0100.3,,
0100.3,当然，我也会针对你们的实际情况推荐一些选考的科目，当然只是推荐，你们自己的意愿最重要。,player,,0100.4,,
0100.4,<color=red>话不多说，现在就可以在高考分班面板进行预选了。</color>,player,,exit,,
,,,,,,
2001,请问有人在在吗~(￣▽￣)~*？（东张西望）,2,,2001.1,,
2001.1,子轩同学来了..欢迎你的加入~,player,,2001.2,2up01,
2001.2,你的房间还在，今天晚上收拾好行李。明天会统一安排学习生活。,player,,2001.3,,
2001.3,好的，fullName老师，我挑的房间谁敢霸占我就赶走他！,2,,2001.4,,
2001.4,啊哈哈哈~~,2,,2001.5,,
2001.5,安静，班里有女生的，举止注意一些。,player,,2001.6,,
2001.6,好的好的(●'◡'●),2,,2001.7,,
2001.7,（周子轩加入实验班）,player,,exit,2time01,
,,,,,,
2011,老师，我跟同桌约好了明天去黑湖玩,2,,2011.1,,
2011.1,如果你同意的话，这周六上午的课程我就会去“公园散步”,2,,2011.2,,
2013.1,去吧，注意安全。,player,,2017,20day15,2time05
2013.2,明天另有安排，要学会融入实验班的学习环境，才能提高成绩。,player,,exit,20st19,2time06
2013.3,你要去玩什么？,player,,2014,,
2017,那就这么说定了，哈哈ヾ(•ω•`)o,2,,exit,20st18,2time07
,,,,,,
2011a,今天真是不错的一天！,2,,2011a.1,20fs2010,20st24
2011a.1,我要是写《我同桌的99件蠢事》，大概都能出版了哈哈ο(=•ω＜=)ρ⌒☆,2,,exit,2time08,
2011b,（充满怨念的望着你）(ノへ￣、),2,,exit,20st23,2time09
,,,,,,
2031,好的，这就安排你去搬砖。,player,,2031.1,,
2031.1,但由于你是未成年，所以不能给工钱。,player,,2031.2,,
2031.2,不行，起码给个5块钱打发一下,2,,2031.3,20st5,2time10
2031.3,不行，只能给2块5,player,,2031.4,,
2031.4,哈哈(‾◡◝),2,,exit,,
2034,学习是为了今后更丰富多彩的生活。,player,,2034.1,,
2034.1,要知道，梅花香自苦寒来，宝剑锋从磨砺出。,player,,2034.2,,
2034.2,辛苦这三年，今后不论是读大学，还是进入社会，都能领先很多很多人。,player,,2034.3,,
2034.3,坚持学习，能让自己浮躁的心平静下来，不被世俗的纷乱所打扰，不会受到世俗的诱惑，从而从书中寻找快乐。,player,,2034.4,,
2034.4,一个人读的书多了，再暴躁的脾气也能慢慢得到改善，遇事也不会只会用拳头、爆粗口，更多的是会以理服人。,player,,2034.5,,
2034.5,孔子说过：君子博学而日参省乎己，则知明而行无过矣,player,,2034.6,,
2034.6,说的就是君子广泛地学习，而且每天多次检查反省自己，那么他就会智慧明达并且行为不会有过错了,player,,2034.7,,
2034.7,高中的时间是很宝贵的，如果总是三天打鱼两天晒网，高考后你会后悔的,player,,2034.8,,
2034.8,听我一句（？）劝，好好参加我给你安排的课程，肯定不会错的。,player,,2034.9,,
2034.9,啊，别念了，别念了,2,,2035,,
2035,我只在乎现在开不开心,2,,exit,20st36,2time11
2037,这周末给你安排个懒觉好了，好好休息,player,,2037.1,,
2037.1,？？？这是地狱？,2,,exit,,
2039,又要去玩的话，请直说,player,,2039.1,,
2039.1,你果然懂我，那我明天要玩一整天！！！,2,,2039.2,20day41,20day43
2039.2,一点学习态度都没有，我收回刚才的话，不准去！,player,,2039.3,,
2039.3,完蛋，fullName说话不算数(/_＼),2,,2039.4,2time12,
2039.4,（摆摆手）服了，去玩吧,player,,exit,20st18,20fs2110
,,,,,,
2045,您好，请问是周子轩同学的家长吗？,n01,,2045.1,,
2045.1,是的，我是他的监护人。,player,,2045.2,,
2045.2,我是周子轩的英语老师，您的孩子近期学习状态有所提高，这是个很好的开端，希望您能多多督促孩子学习，保持好优势，不要骄傲……（省略2000字）,n01,,2045.3,,
2045.3,同时，希望您的孩子在这周的考试中取得好成绩。,n01,,2045.4,,
2045.4,（这不是曹老师吗，怎么不认得我了，看来只是例行公事）,player,,2049,,
2049.1,你说的对，我会保持他的学习安排,player,,exit,20st49a,2time13a
2049.2,好的，我会多加管教,player,,exit,20st49b,2time13b
2049.3,由他去吧，他开心就好,player,,exit,20st49c,2time13c
,,,,,,
2050,你知道吗，我周一就开始计划周五怎么回家，但是突然发现，我回家路线居然是这里，然而这里和学校没有什么区别！,2,,2051,,
2051,我需要更多的自由活动的时间！,2,,2052,,
2052.1,这周末加一节课。吃得苦中苦，方为人上人。,player,,2052.1.1,2time14a,
2052.2,KTV怎么样，之前买了会员的哟,player,,2052.2.1,2time14b,
2052.3,小道消息，你的同桌这周末不会和你去浪,player,,2052.3.1,2time14c,
2052.1.1,嗷呜≡(▔﹏▔)≡,2,,exit,20st52a,
2052.2.1,正合我意(/≧▽≦)/,2,,exit,20st52b,20day5221
2052.3.1,啊？！(⊙ˍ⊙),2,,2052.3.2,,
2052.3.2,我独自一人即可！,2,,exit,20st52c,20day5232
2050x,这是我度过的最独特的周末,2,,2050x1,20st49c,20fs2110
2050x1,原来世界上还有这么多乐趣,2,,exit,20time50x,
,,,,,,
2060,无所不能的老师啊,2,,2061,,
2061.1,干嘛,player,,2063,,
2061.2,求我,player,,2063,,
2061.3,无事献殷勤~,player,,2063,,
2063,无所不能的老师啊~我想学唱歌(╹ڡ╹ ),2,,exit,,
,,,,,,
2070,介绍一下，这是我的小..咳咳..同学，安思琪 (✿◕‿◕✿),2,,2071,,
2071,老..老师好..,22,,2072,,
2072,？？你好，我是周子轩的辅导老师,player,,2073,,
2073,介绍完了。安思琪我们开始吧。,2,,2074,,
2074,说完两人走进了教室,null,,2075,,
2075,（这..莫非是早恋了？不行，必须让他们意识到早恋的危害！）,player,,2076,,
2076,一番言语组织后.....决定进教室说教一番.....只听歌声传来......,null,,2077,2up03,
2077,...,null,,2078,,
2078,你们在玩什么？,player,,2079,,
2079,我们在排练节目，班主任要求每个人都要参与一个节目，然后评选最好的去参加艺术节演出。,2,no,2080,,
2080,我们准备的就是唱歌加口琴组合,2,no,2081,,
2081,也许可以考虑培养一下周子轩的<b>音乐兴趣</b>,player,,2082,,
2082,好了老师，你在这我放不开啊！╰(艹皿艹 ),2,no,2083,,
2083,（脸红）老师好，周子轩的调调还挺难配合的,22,no,2084,20fs2220,
2084,这就走，这就走。,player,,exit,,
,,,,,,
2090,...周六要去排练，争取通过班里的选拔。,2,,2091,,
2091.1,如果是自行排练，我周六上午、下午都要去公园，和安思琪排练。,2,,2091.1.1,,
2091.2,上课补习，快速恶补,player,,2092,,
2091.3,无视请求，另行安排,player,,2092,,
2092,"好吧，老师您最大(￣_,￣ )",2,,2094,,
2093,希望明天不会下雨,2,,2094,,
2094,练好了，说不定不仅能上艺术节，还能直接出道当明星呢(*/ω＼*),2,,exit,,
,,,,,,
2100,abbName老师，您叫我？,2,,2100.1,,
2100.1,马上期末了，你还没说过你想去哪个班。,player,,2100.2,,
2100.2,现在学校安排有：政史地、政地生、物化生、物地生、政物化。你只能在这五种里选择，希望你好好选择，提前做好准备。,player,,2100.3,,
2100.3,政物化是什么魔鬼组合啊！（*゜ー゜*）,2,,2100.4,,
2100.4,我会好好考虑的。前提是这次期末考试能让我拥有选择权。,2,,2100.5,,
2100.5,（由于黑湖高中资源紧张，当开班人数不足时，成绩差的将被调剂到其他选学班）,null,,2100.6,,
2100.6,说实话，我更喜欢史地生这种“咸鱼”组合。,2,,2100.7,,
2100.7,梦里什么都有。不过说实话，一些一线城市里真有这么干的。,player,,exit,,
,,,,,,
2101,I do the same thing I told you that I never would~🎶,2,,2101.1,,
2101.1,"I told you I'd change, even when I knew I never could~🎶",2,,2101.2,,
2101.2,"Oh, ooh-woah~~",2,,2101.3,,
2101.3,好厉害，歌王请给我签个名吧！,3,,2101.4,,
2101.4,啊哈哈，一般般，进步很快倒是真的！,2,,exit,2st101,
,,,,,,
2102,任塞唱片又出新歌啦！我推给你，这期的特别好听。,20,,2102.1,,
2102.1,好啊好啊，任塞的歌我经常听着听着写作业的，感觉活力满满！,2,,2102.2,,
2102.2,就是之前那首Tides Under实在让人头皮发麻，完全顶不住≧ ﹏ ≦,2,,2102.3,,
2102.3,哈哈，我就特别喜欢，酥酥麻麻的。,20,,2102.4,,
2102.4,耳机是不是特别好用？,20,,2102.5,,
2102.5,是的，我用了才发现，原来歌曲里是可以没有杂音的，哈哈。,2,,2102.6,,
2102.6,下周四我生日，到时候晚上去KTV吗，我请客。,20,,2102.7,,
2102.7,好，人多好玩！,2,,exit,,
,,,,,,
2103,今天同桌生日,2,,2103.1,,
2103.1,...,null,,2103.2,,
2103.2,...,null,,exit,,
2103A,麦霸上线！,2,,2103A.1,,
2103A.1,...,null,,2103A.2,,
2103A.2,周子轩的唱歌水平又提高了呢，上次合作还没这么厉害的,22,,2103A.3,,
2103A.3,以后他就是我们的歌王了，来，我们继续吃零食。,20,,2103A.4,2st103.1,2st103.2
2103A.4,...,null,,exit,,
2103Z,太晚了，回去了，再见,2,,2103Z.1,,
2103Z.1,再见,20,,2103Z.2,,
2103Z.2,再见,22,,exit,,
,,,,,,
2110,老师，为什么有的明星既可以当歌手又可以当演员？,2,,2110.1,,
2110.1,歌手和演员差异应该很大才对吧？,2,,2110.2,,
2110.2,差异是大，但是他们有一个很相似的地方,player,,2110.3,,
2110.3,就是他们有粉丝，他们有明星影响力,player,,2110.4,,
2110.4,<b>那我也要学表演！老师帮帮我。</b>,2,,2110.5,,
2110.5,贪多嚼不烂，我会好好考虑的。,player,,exit,,
,,,,,,
2111,大家快来尝尝我做的奶茶！（￣︶￣）↗,2,,2111.1,,
2111.1,绝对好喝！,2,,2111.2,,
2111.2,嗯，我喜欢这个奶盖，咸甜很合适，如果有椰果就更好了,4,,2111.3,,
2111.3,为什么我这杯这么酸，你加了多少醋,1,,2111.4,,
2111.4,啊！我..我好像把柠檬汁都倒进这杯里了，啊哈哈...怪不得我喝着没有柠檬味。,2,,2111.5,,
2111.5,我五星好评，以后失业了，我们可以组团卖奶茶了。周子轩负责做茶，我负责收钱。,3,,2111.6,,
2111.6,那我负责采购物资，肖杜薇薇就负责揽客，啊哈哈哈~~,4,,2111.7,2stNC1,2stNC2
2111.7,你！你做梦！你才去揽客。,1,,2111.8,2stNC4,2stNC3
2111.8,可惜做奶茶太耗时间了，而且自己做也挺贵的，不然真想天天做着喝。,2,,exit,2timeNC,
,,,,,,
2112,马上高三了，很多同学出来玩的时间都减少了,2,,2112.1,,
2112.1,丁思宸要准备考外语，白哥高三了，也好久没见到了╯︿╰,2,,2112.2,,
2112.2,偶尔跑出来玩也是没人，唉~寂寞如斯,2,,exit,2time112,
,,,,,,
3001,一位穿着粉色裙子的学生站在门口向你招了招手,null,,3001.1,,
3001.1,小哥哥！这里是实验班吗？,3,,3001.2,,
3001.2,是的，我是这里的辅导老师，你叫我abbName老师就行了。你的情况我已经了解了，进来吧。,player,,3001.3,,
3001.3,哇，这里环境太好了吧，要是有个后院就完美了，唉，可惜就是贵了点。,3,,3001.4,,
3001.4,收费高说明我们这里条件更好，实验班里的学生今后发展都要比平常学生好的呢。,player,,3001.5,,
3001.5,老师，我一会就搬东西来,3,,3001.6,3up01,3time1
3001.6,......不一会，看到袁恬雅一个人拿着很多大包小包过来了,null,,3001.7,,
3001.7,薇薇，没想到你也在这啊，以后我们就有伴了！（说着和肖杜薇薇勾肩搭背起来）,3,,3001.8,,
3001.8,之前老师说调不出住宿位，我差点就要转学去二中了呢。还好这里还有位置。,3,,3001.9,,
3001.9,嗯....,1,,exit,,
,,,,,,
3002,abbName老师，我们去K歌吧。,3,,3002.1,,
3002.1,是啊是啊，我可是情歌王子，以后想听我唱歌都得买票的呢,2,,3002.2,,
3002.2,我觉得你唱的不咋地，我建议等你的唱功500分再嘚瑟,4,,3002.3,,
3002.3,我不允许你看不起情歌王子！,2,,3002.4,,
3002.4,好了，我们走。.....（大声）肖杜薇薇！走，去K歌~,player,,3002.5,,
3002.5,等..等一下....马上来...,1,,3002.6,,
3002.6,...,null,,3002.7,3up02,
3002.7,啊，预约满了...,2,,3002.8,,
3002.8,那干脆去公园走走吧，反正都出来。,3,,3002.9,,
3002.9,你就是想看天鹅吧,4,,3002.10,,
3002.10,知我者，文哥也！,3,,3002.11,,
3002.11,听说世界围棋冠军输给了AI，本来我学了几天的围棋顿时不香了,4,,3002.12,,
3002.12,在既定的规则内计算，人确实比不过电脑,1,,3002.13,,
3002.13,终有一天人类会被机器统治,3,,3002.14,,
3002.14,哈哈，这你也信，机器没有创造力，终究只会完成既定的工作,4,,3002.15,30st02.1,30st02.3
3002.15,我就想想不行吗,3,,exit,30st02.2,30st02.4
,,,,,,
,,,,,,
3003,yysy，今年ldj人真是dcds，出个门都挤得要死，啊，什么是rsrh 啊,3,,3003.1,3time3,
3003.1,9494，我的秘密基地都被发现了,2,,3003.2,,
3003.2,就是之前你踩下去的那个坑吗,3,,3003.3,,
3003.3,nsdd,2,,3003.4,,
3003.4,对了这次过节我抽奖中了一些东西，送给老师了,3,,exit,3up03,
,,,,,,
3004,（戏精模式）噢，我的上帝啊，您今天是要出席皇家盛宴吗？小姐姐~~你今天可太漂亮了。,3,,3004.1,,
3004.1,（一本正经）是的，我的小姐妹~~本小姐今天有一场舞会要出席，可不是您这样乡下小邋遢可以高攀的呢~~,1,,3004.2,,
3004.2,是么~我的好姐姐~你的好妹妹晚上要独自度过了，我会想你的mua~,3,,3004.3,,
3004.3,拿开的脏嘴！快拿开！你个愚蠢的土拨鼠，我美丽的脸蛋不允许廉价的接触,1,,3004.4,,
3004.4,你的脸蛋应该放在天花板上，噢嚯嚯嚯嚯嚯~~,3,,3004.5,30st3.1,
3004.5,上帝呐~~噢嚯嚯嚯嚯嚯~~,1,,exit,30st3.2,3time2
,,,,,,
3005,乌拉~~~,3,,3005.1,,
3005.1,3分12秒，这成绩到大学中也算是满分了。没想到袁恬雅同学还挺有运动天赋的。,player,,3005.2,,
3005.2,哈哈哈，我的跑步成绩一向都是名列前茅的，自古以来只败过一次，那就是4×100米接力。,3,,3005.3,,
3005.3,还真是女汉子呢..,player,,3005.4,,
3005.4,（这时一个缓慢的身影逐渐出现）,null,,3005.5,,
3005.5,4分36秒，刚好及格。刚跑完步不要急着休息，慢慢走走。,player,,3005.6,,
3005.6,薇薇我来扶你，我们走走，降降血压。,3,,3005.7,,
3005.7,要死了，腿疼，肺部要裂开了。呼呼呼~我动不了了...,1,,3005.8,,
3005.8,这么夸张，我怎么没这么严重的感觉，你太缺少运动了,3,,exit,,
3005H,abbName老师，你看我的二级运动员证书，哈哈哈，太帅了！,3,,3005H.1,,
3005H.1,冲呀！！！我感觉浑身充满了力量，呼呼哈嘿~,3,,3005H.2,,
3005H.2,（说着袁恬雅活蹦乱跳起来）,null,,3005H.3,,
3005H.3,以后奥运会没你我不看，袁恬翔~ˋ( ° ▽、° ),2,,3005H.4,,
3005H.4,我会努力的，以后我还要站在颁奖台上，穿上雪白衣服，唱着国歌，哇，太帅了~,3,,3005H.5,,
3005H.5,还差得远呢，还要继续努力！,player,,3005H.6,,
3005H.6,嗯！,3,,exit,3time005H,
3005H2,快看快看，我的篮球之星奖杯！,3,,3005H2.1,3time005H2,
3005H2.1,好重，是黄金做的吗？,2,,3005H2.2,,
3005H2.2,如果是黄金的应该更重吧。,4,,3005H2.3,,
3005H2.3,你们都不祝贺一下嘛,3,,3005H2.4,,
3005H2.4,恭喜你！未来的篮球之王！,4,,3005H2.5,,
3005H2.5,以后去NBA，扬我国威！,2,,3005H2.6,,
3005H2.6,去参加奥运会，拿金牌！,1,,3005H2.7,,
3005H2.7,谢谢，谢谢！等我练好签名，再给你们签一大堆，哈哈！,3,,3005H2.8,,
3005H2.8,还要继续训练噢~,player,,exit,,
,,,,,,
3006,看看这是什么。,4,,3006.1,,
3006.1,哇哦，好可爱的老鼠,3,,3006.2,,
3006.2,这是仓鼠，毛很软的，你摸摸看,4,,3006.3,,
3006.3,呀，确实，摸着很爽，它是吃什么的？,3,,3006.4,,
3006.4,果干和仓鼠粮，它很乖对不对,4,,3006.5,,
3006.5,是啊是啊，太萌了,3,,3006.6,,
3006.6,还会摸脸洗脸,3,,3006.7,,
3006.7,看你这么喜欢，送给你好了,4,,3006.8,,
3006.8,那太谢谢了，以后你就叫大黄了！,3,,3006.9,,
3006.9,要记得每周换砂，还有喂食喂水。,4,,3006.10,,
3006.10,嗯嗯,3,,exit,3stDH,3timeDH
,,,,,,
3006H,大黄死了，怎么会这样。生命真的是太脆弱了。,3,,3006H.1,,
3006H.1,红颜薄命的大黄啊，你死的好惨啊~,3,,3006H.2,,
3006H.2,（小声）有专业哭丧的潜质,4,,3006H.3,,
3006H.3,别伤心了，多半是生病死的，是个意外。,4,,3006H.4,,
3006H.4,大黄昨天还活蹦乱跳的，我不甘心呐。,3,,3006H.5,,
3006H.5,让她静静吧，一会儿就好了。,2,,3006H.6,,
3006H.6,你说得对,4,,3006H.7,,
3006H.7,呜呜呜...呜..,3,,exit,3stDHs,3timeDHs
,,,,,,
3007,袁恬雅，早上好！不好也行。,1,,3007.1,,
3007.1,早上好，薇薇，你来超市买什么？,3,,3007.2,,
3007.2,买点绿豆，实验课老师说要种绿豆，观察生长情况。,1,,3007.3,,
3007.3,啊，我忘了，你可真细心，分我点，我也种几颗。,3,,3007.4,3upClass,
3007.4,...,null,,3007.5,,
3007.5,用纸巾沾上水，绿豆放上去。之后每天都要记录生长情况。,1,,3007.6,,
3007.6,划线法记录生长速度,3,,3007.7,,
3007.7,嗯，要用马克笔来划。,1,,3007.8,,
3007.8,我的绿豆也放在这里啦，我们一起种豆。,3,,3007.9,,
3007.9,突然觉得种植挺有趣的，从播种，到发芽，再到开花结果，自己种的就跟自己的孩子一样。,1,,exit,,
,,,,,,
3100,啊！老鼠！啊啊啊啊啊！,1,,3100.1,,
3100.1,薇薇别慌，我来救你！,3,,3100.2,,
3100.2,老鼠在哪呢？,3,,3100.3,,
3100.3,在桌子下面！啊啊啊，跑出来了！,1,,3100.4,,
3100.4,只见袁恬雅迅速出手，一把抓住老鼠的尾巴。,null,,3100.5,,
3100.5,怎么了，母老虎吓成这样？,2,,3100.6,,
3100.6,是一老鼠，你看,3,,3100.7,,
3100.7,哇？吓我一跳。,2,,3100.8,,
3100.8,快把它拿走，太可怕了。,1,,3100.9,,
3100.9,这事我熟，我小时候还和爸爸去抓田鼠来吃呢，直接打死好了,3,,3100.10,,
3100.10,说起来，我想念我的大黄了，它是那么的可爱...,3,,exit,,
,,,,,,
3101,今年春天雨很多呀，以前我是最不喜欢雨天的，因为会弄得到处是泥，鞋子也会弄湿弄脏。,3,,3101.1,,
3101.1,但是来到城市里就不一样了，泥土很少，地面也很平。下过雨后空气还很清新...真好,3,,3101.2,,
3101.2,下雨会很解压，心绪也容易平静，拜拜，我休息去了。,2,,3101.3,,
3101.3,拜拜,3,,exit,,
,,,,,,
3110,转眼高中已经过了一半了,3,,3110.1,,
3110.1,烦心事也多了起来，薇薇，我现在就很烦,3,,3110.2,,
3110.2,烦什么，我见你平时都很开心,1,,3110.3,,
3110.3,那是以前，因为我发现...,3,,3110.4,,
3110.4,发现什么，别神神秘秘的了,1,,3110.5,,
3110.5,发现我真的很漂亮！美丽真是一种烦恼。,3,,3110.6,,
3110.6,你找打！,1,,3110.7,,
3110.7,哈哈哈！,3,,exit,,
,,,,,,
3111,明天上课一定要记得带草稿本，我已经借同学的本子用了一个星期了,3,,3111.1,,
3111.1,千万不能忘记，千万不能忘记...,3,,3111.2,,
3111.2,傻吗？你不会现在就把草稿本放包里吗！,4,,3111.3,,
3111.3,怪不得你初始思维是0,4,,3111.4,,
3111.4,越是平常的事情，越是容易忘记嘛。况且人家用的又不是你的草稿本(‾◡◝),2,,3111.5,,
3111.5,文哥今天吃了什么火药，不过现在就把本子放包里是对的,3,,3111.6,,
3111.6,但是我现在可聪明了，思维都不少了。,3,,exit,,
,,,,,,
4001,叮~来了个电话,null,,4001.1,,
4001.1,（局里科长的声音）小abbName啊，实验班近来可好？,null,,4001.2,,
4001.2,好着呢，实验班的学生都很聪明，我也很喜欢这份工作。,player,,4001.3,,
4001.3,（局里科长的声音）这边安排了一位附中的学生，到时候你关照一下，文件一会发给你。好好努力，将来教育局是你们年轻人的。,null,,4001.4,,
4001.4,好的,null,,4001.5,,
4001.5,他叫文有希，晚点你注意下门口,null,,4001.6,,
4001.6,好的，好的，是，是，是,player,,4001.7,,
4001.7,嘟...嘟...嘟...（唉，说好随机抽学生，怎么感觉都是拉关系来的）,null,,exit,,
4002,fullName~fullName~fullName~,null,,4002.1,1024,4up01
4002.1,想来是新同学到了,player,,4002.2,4time1,
4002.2,你好啊~我的房间在哪，在哪上课啊，会不会也要写作业啊...,4,,4002.3,,
4002.3,右边这间是教室，再里面就是房间了。子轩同学，你带他去吧。,player,,4002.4,,
4002.4,我叫李子轩，听说你家里有游泳池，是不是真的？,2,,4002.5,,
4002.5,游泳池没有，洗碗池倒是有。,4,,4002.6,,
4002.6,那有没有漂亮小姐姐做佣人？我听说阳光岛的人都很有钱的。,2,,4002.7,,
4002.7,（异样的眼神）没有，只有个50岁的奶奶做保洁。我家又不是电视剧里的那种水准。,4,,4002.8,,
4002.8,（一脸失望）没关系，穷不是你的错,2,,4002.9,,
4002.9,......,4,,exit,,
,,,,,,
4003,荆轲知太子不忍，乃遂私见樊於期，曰：“秦之遇将军，可谓深矣。父母宗族，皆为戮没。今闻购将军之首，金千斤，邑万家，将奈何？”......,4,,4003.1,,
4003.1,......樊於期偏袒扼腕而进曰：“此臣日夜切齿拊心也，乃今得闻教！”遂自刎。,4,,4003.2,,
4003.2,很好，这么快就背下来了。不过，樊於期的期字虽然没有注写读音，但是一般我们念做jī。,player,,4003.3,,
4003.3,那不就成樊wūjī了,4,,4003.4,,
4003.4,对的，很好记,player,,4003.5,,
4003.5,那别人会不会觉得我念樊乌鸡是在羞辱人家啊，人家可是为了燕国大义自杀的。,4,,4003.6,,
4003.6,（触及知识盲区）....,player,,4003.7,,
4003.7,不会的。樊wūjī才是我们公认的正确读音，樊yūqī就是完全乱读。,player,,4003.8,40st01,
4003.8,（一阵朗读声传来）,null,,4003.9,,
4003.9,荆轲奉樊yūqī头函，而秦武阳奉地图匣，以次进。,3,,4003.10,,
4003.10,哈哈哈（大声）是樊wūjī，不是樊yūqī,4,,4003.11,,
4003.11,唉？真的吗，好奇怪的读法，古人的思维真奇怪。,3,,exit,30st01,
,,,,,,
4004,文有希，你以后想做什么？,2,,4004.1,,
4004.1,厨师，盗墓贼，画家，计算机还有芭蕾舞！,4,,4004.2,,
4004.2,爱好广泛啊(o゜▽゜)o☆我支持你！,2,,4004.3,,
4004.3,摄影，编程，当官，当演员也不错。,4,,4004.4,,
4004.4,当官了记得把我从监狱捞出来，哈哈O(∩_∩)O。,2,,4004.5,,
4004.5,我当什么官都不能捞人。,4,,4004.6,,
4004.6,那你当法官的话，一定要从轻发落，大事化小，小事化无！,2,,4004.7,,
4004.7,你要是伤天害理，我就大义灭亲，亲手判你死刑。,4,,4004.8,,
4004.8,真可怕，我是那样的人吗≡(▔﹏▔)≡。,2,,exit,,
,,,,,,
4006,开学了，这个学期的目标是....,4,,4006.1,,
4006.1,躺平？,2,,4006.2,,
4006.2,长高？,3,,4006.3,,
4006.3,赚它一个亿？,1,,4006.4,,
4006.4,不不不，我的目标是每天换一种口味的零食！,4,,4006.5,,
4006.5,切，我还以为是什么远大的理想呢~,2,,4006.6,,
4006.6,是啊文哥，怎么不是星辰大海呀。,3,,4006.7,,
4006.7,目标是可是实现的，那些没用。,4,,4006.8,,
4006.8,很现实的目标！,player,,4006.9,,
4006.9,哈哈，等期末我要带最好吃的回去！,4,,exit,4upLS,
,,,,,,
,,,,,,
4005,文有希，你们学到非限定性定语从句了吗？,2,,4005.1,,
4005.1,学过了，必修二我们已经学完了,4,,4005.2,,
4005.2,不是吧，这才开学几天呀，就学完了？你不要骗我┗|｀O′|┛,2,,4005.3,,
4005.3,上个学期就开始学了，昨天刚好学完最后一章节。,4,,4005.4,,
4005.4,那你能解释一下什么是非限定性定语从句吗？,2,,4005.5,,
4005.5,不能，学完和会不会是两回事。如果你不会，那干嘛不去问老师。,4,,4005.6,,
4005.6,我们才刚学，我就是想和你确认一下。要是问老师，老师说的肯定那种官方答复，不接地气。,2,,4005.7,,
4005.7,你说的有道理，但是我帮不了你，要不我介绍个外国小姐姐给你，让她和你对一对？,4,,4005.8,,
4005.8,真的吗？那我得把英语学好才行，不然互相看不明白。¯\(°_o)/¯,2,,4005.9,,
4005.9,无语,4,,exit,4time2,
,,,,,,
4007,昨天终点科技发售了一款新耳机，不仅参数很高，颜值更是我的菜。,4,,4007.1,,
4007.1,可惜网上已经卖光了，预约已经排了好几十万了。,4,,4007.2,,
4007.2,真有这么好吗？我一点都不懂耳机。而且科技之家真的有货吗，不会昨天就被抢光了吧。,2,,4007.3,,
4007.3,碰碰运气嘛，买了绝对不亏，真的！,4,,4007.4,,
4007.4,国妮姬哇！周子轩！,20,,4007.5,,
4007.5,丁四×，你还没回家吗？,2,,4007.6,,
4007.6,对呀，我来买耳机的，你看，我买了两幅呢，颜值很高的噢！,20,,4007.7,,
4007.7,噢噢，你也是来买耳机的，这个是我们实验班的4号种子选手——文有希。,2,,4007.8,,
4007.8,你好啊，耳机还有货吗，我们快点吧。,4,,4007.9,,
4007.9,没多少了，我带你们去,20,,4007.10,,
4007.10,...,null,,4007.11,,
4007.11,蓝色一副，噢，这是库存的最后一件蓝色的了，运气不错。谢谢惠顾！,bookstore,,4007.12,,
4007.12,周子轩，你不买吗，真的很好看噢，现在不买，下次就没货了噢~,20,,4007.13,,
4007.13,( ╯□╰ )我木耳，就不搞这么高级的了，自带的那副又不是不能用。,2,,4007.14,,
4007.14,你那副和电子垃圾没有什么区别。,4,,4007.15,,
4007.15,那我把这副借给你吧，本来我是打算电脑一副，手机一副的，你试着用用看。,20,,4007.16,,
4007.16,真的可以吗(●'◡'●)，你真的太好的。,2,,4007.17,,
4007.17,你不是天天唱歌嘛，借你一副。以后当上歌王了，不要忘记我噢~,20,,4007.18,,
4007.18,你要是当上歌王，我就投你100万。,4,,4007.19,2timeEJ,
4007.19,哈哈，走吧，回家了！,2,,exit,4stEJ,2stEJ
,,,,,,
4100,fullName老师，你知道吗，其实主学科有1000分就是最强的了，超过了就都是多余的,4,,4100.1,,
4100.1,是吗？我不这么认为，既然能超过1000分，就说明存在即合理，开发者不会做多余的事情。,player,,4100.2,,
4100.2,不是的，我觉得纯粹是开发者懒得限定最高分了，反正只要我告诉这件事就行了,4,,4100.3,,
4100.3,任务完成！,4,,exit,4time100,
,,,,,,
4101,肖杜薇薇，我听说了,4,,4101.1,,
4101.1,你爸爸要求abbName老师给你加课，让你考人民大学，你怎么看,4,,4101.2,,
4101.2,看老师安排吧，加课也好，学兴趣课也好，感觉都差不多。虽然我对一些兴趣课更感兴趣，但是我爸爸肯定不同意的。,1,,4101.3,,
4101.3,说起来，家里肯定抱着考更好的大学，将来更能赚钱的想法来的。想想他们那一辈的艰辛也能理解，没有什么比赚钱养家更重要的事情了。,4,,4101.4,,
4101.4,只是现在不一样了，我们往往会有更高的精神追求，不只是追求物质上的充裕，还要追求精神上的富足。,4,,4101.5,,
4101.5,嗯，但是我怕我喜欢的事情会让我饿死...,1,,4101.6,,
4101.6,哈哈，我也怕。,4,,exit,,
,,,,,,
4102,我很喜欢玩游戏，各种PC、主机、手机的游戏,4,,4102.1,,
4102.1,如果失去了游戏，我会很无聊,4,,4102.2,,
4102.2,和我们去唱歌啊，很好玩！,2,,4102.3,,
4102.3,你闭嘴。反正我只要玩游戏。,4,,exit,,
,,,,,,
,,,,,,
Course1,实验班的日常是对学生周末的学习、生活进行安排。而我也要提升自己的教学能力，以便更好的进行教学。,player,,Course1.1,,
Course1.1,<color=red>每周有两个回合，分别是星期日和星期五。星期日到星期五：学生会去上学，这段时间我无法对他们进行干涉。而我也需要进行学习或者工作；星期五到星期日：需要我们详细安排学生的日程，并且对他们进行辅导。</color>,player,,Course1.2,,
Course1.2,今天是星期天，所以明天学校会正式上课，实验班的学生也还没来。我只需要对自己的工作计划进行分配即可。,player,,Course1.3,,
Course1.3,<color=red>点击屏幕左下方的“工作计划”，对自己的工作进行安排吧。更多的学习、工作种类可以通过购买解锁。</color>,player,,exit,,
,,,,,,
Course2,<color=red>今天是周五，不要忘了安排学生们的日程。</color>,player,,Course2.1,,
Course2.1,<color=red>教室只能在白天进行工作，学生的日程和教室相同时，课程效果会大大增加。</color>,player,,Course2.2,,
Course2.2,<color=red>学生的心情降低，会很大程度影响学习效率，所以务必劳逸结合，适当休息。</color>,player,,Course2.3,,
Course2.3,<color=red>点击屏幕左下方的“学生日程”，进行日程安排吧！</color>,player,,exit,,
,,,,,,
Course3,外出已解锁，点击”外出“按钮，可以前往外面的世界。,player,,exit,,
,,,,,,
park1,领着学生们进入了公园,null,,park1.1,,
park1.1,.......,null,,park1.2,,
park1.2,今天公园平平无奇，只是随意地游玩散心~,null,,park1.3,,
park1.3,......,null,,park1.4,,
park1.4,马上闭园了，回去吧~,player,,park1.5,,
park1.5,学生们心情恢复6点,null,,exit,park1,
park2,领着学生们进入了公园,null,,park2.1,,
park2.1,.......,null,,park2.2,,
park2.2,园里最漂亮的孔雀开屏了，华丽的羽毛让学生们心生愉悦,null,,park2.3,,
park2.3,......,null,,park2.4,,
park2.4,马上闭园了，回去吧~,player,,park2.5,,
park2.5,学生们心情恢复10点,null,,exit,park2,
park3,领着学生们进入了公园,null,,park3.1,,
park3.1,.......,null,,park3.2,,
park3.2,围观书法大师写书法，大家颇有感触,null,,park3.3,,
park3.3,（这水平也就比我差点）,player,,park3.4,,
park3.4,......,null,,park3.5,,
park3.5,马上闭园了，回去吧~,player,,park3.6,,
park3.6,学生们心情恢复6点，绘画提升10点,null,,exit,park3,
park4,领着学生们进入了公园,null,,park4.1,,
park4.1,.......,null,,park4.2,,
park4.2,发现一只卡在凳子底的土拨鼠，一番手忙脚乱后终于将它救出,null,,park4.3,,
park4.3,土拨鼠赠送了一个金果果以示感谢,null,,park4.4,,
park4.4,......,null,,park4.5,,
park4.5,马上闭园了，回去吧~,player,,park4.6,,
park4.6,学生们心情恢复8点，考古提升10点,null,,exit,park4,
park5,领着学生们进入了公园,null,,park5.1,,
park5.1,.......,null,,park5.2,,
park5.2,路过仙人掌园时，猛然发现一朵昙花正在开花。,null,,park5.3,,
park5.3,......,null,,park5.4,,
park5.4,传说能见到昙花开花之人都是幸运之子。,player,,park5.5,,
park5.5,风怀郁郁守苍苔，不遇奇缘不肯开。,player,,park5.6,,
park5.6,为报美人多眷顾，一宵吐尽一生才。,player,,park5.7,,
park5.7,下面给你们讲一讲这首《昙花》的中心思想...（略）,player,,park5.8,,
park5.8,...,null,,park5.9,,
park5.9,仅仅10分钟过去，花儿就凋谢了,null,,park6,,
park6,马上闭园了，回去吧~,player,,park6.1,,
park6.1,学生们心情恢复30点，语文提升20点,null,,exit,park5,
court1,众人来到篮球场,null,,court1.1,,
court1.1,只见人满为患，所有的位置都被球友们占据了。大家只好先在周围各自玩耍、聊天，等到空出位置再上场打球。,null,,court1.2,,
court1.2,数次激烈的对抗后，一局比赛落下帷幕。,null,,court1.3,,
court1.3,走吧，回去休息了，别忘了带上外套。,player,,court1.4,,
court1.4,学生们体质提升1点，运动提升6点,null,,exit,court1,
court2,众人来到篮球场,null,,court2.1,,
court2.1,今天的人额外的少，众人直接占据了一个位置极佳的半场。,null,,court2.2,,
court2.2,或许是球场过于冷清，众人缺少激情，只是随意地偷懒、抢球，练习没有起到明显训练的效果。,null,,court2.3,,
court2.3,天要黑了，走吧，回去吃饭了！,player,,court2.4,,
court2.4,学生们心情恢复2点，体质提升1点，运动提升6点,null,,exit,court2,
court3,众人来到篮球场,null,,court3.1,,
court3.1,其他几位黑湖中学的学生正好也在打球，几番合计，众人决定来一场比赛,null,,court3.2,,
court3.2,比赛进行中......,null,,court3.3,,
court3.3,比赛进入白热化阶段......,null,,court3.4,,
court3.4,比赛结束！学生们收获丰富，心情恢复5点，体质提升1点，运动提升10点,null,,exit,court3,
court4,众人来到篮球场,null,,court4.1,,
court4.1,球场正上演着黑湖体育学院与黑湖大学校队联谊赛，大家都兴致勃勃地参与观赛,null,,court4.2,,
court4.2,这是运球急停衔接剪刀步，这组动作不仅能迷惑对手，而且可以快速起步，是个很不错的运球技巧。,player,,court4.3,,
court4.3,比赛继续进行中......,null,,court4.4,,
court4.4,近距离观赛加上技术性解说，让众人收获丰富，忍不住自己也想试一试,null,,court4.5,,
court4.5,比赛结束！学生们收获丰富，心情恢复10点，运动提升30点，表演提升5点,null,,exit,court4,
,,,,,,
school,众人来到黑湖中学，只见大门紧闭，不得入内,null,,school.1,,
school.1,没有什么活动，大家回去吧！,player,,exit,,
,,,,,,
N1001,恭喜你，连续三套题阅读理解全对了。看来你的语文成绩可以稳定及格了。,player,,N1001.1,,
N1001.1,运气...都是运气好，我的语文还差很多。,1,,N1001.2,,
N1001.2,三套都能全对，说明即使有运气的成分在内，但你的水平也不会差的，今后好保持好，语文也算是女生的优势学科了，好好发挥长处哟。,player,,N1001.3,,
N1001.3,谢谢夸奖，我会继续努力。,1,,exit,N1001,
N1002,一看见不会的题就容易紧张，越是紧张越是没思路，然后就做不出来了,1,,N1002.1,,
N1002.1,如果是考试，没有思路的题先跳过，先争取把其他题目做一做，回头再来想难题。如果是平时刷题，可以先把会的部分写上，调整一下思路，再看看，还是不会就等老师讲解。,player,,N1002.2,,
N1002.2,好有道理，以后我就这么做,1,,N1002.3,,
N1002.3,当然，我也不建议你们花太多的时间在钻研难题上。毕竟思路不是钻研某个题目就会有的，而是见识多了题目慢慢培养的。,player,,N1002.4,,
N1002.4,意思就是多做题，少钻进坑里的意思咯。,1,,N1002.5,,
N1002.5,理解的很到位，高中学习的终究是基础，试题里少数的难题是给天才们做的，而我们任务在基础题。,player,,exit,N1002,
,,,,,,
N1003,"name,make,grade,cake...any,many,anyone,anything...",1,,N1003.1,,
N1003.1,很好，你已经基本学会音标了，以后看见单词也能读个八九不离十了。,player,,N1003.2,,
N1003.2,当然，有部分单词还是有特定读法的，不过不用在意，单词表里都有音标标注。,player,,N1003.3,,
N1003.3,嗯，有种莫名的成就感。,1,,N1003.4,,
N1003.4,学英语的路还很长，而且英语最讲究的就是循序渐进，前期分数提高会很不明显，坚持下去会有突飞猛进的一天。,player,,exit,N1003,
,,,,,,
N1004,偷税，纳税人有意违反税法规定，用欺骗、隐瞒等方式不缴或少缴应纳税款的行为,1,,N1004.1,,
N1004.1,欠税：纳税人超过税务机关规定的纳税期限，没有按时缴纳而拖欠税款的行为,1,,N1004.2,,
N1004.2,骗税：指纳税人用欺骗的方法骗取国家税收优惠的行为,1,,N1004.3,,
N1004.3,抗税：纳税人以暴力、威胁等手段不缴纳税款的行为,1,,N1004.4,,
N1004.4,用我的理解就是，不说就是偷税，拖字诀是欠税，有关政策的是骗税，动武是抗税。,1,,N1004.5,,
N1004.5,原来政治的知识点也可以这么容易的看懂,1,,exit,N1004,
,,,,,,
N1005,鸦片战争的根本原因：英国发动鸦片战争的根本目的在于把中国变成其原料产地和商品市场。直接原因：林则徐虎门销烟,1,,N1005.1,,
N1005.1,西周宗法制最大特点是：嫡长子继承制,1,,N1005.2,,
N1005.2,...,1,,N1005.3,,
N1005.3,历史真让人捶胸...,1,,N1005.4,,
N1005.4,...,1,,N1005.5,,
N1005.5,中书省、枢密院、三省六部...,1,,N1005.6,,
N1005.6,古人真有意思，要是我能穿越过去就好了。,1,,exit,N1005,
,,,,,,
N1006,水晶球，火烧木变土，天涯海角,1,,N1006.1,,
N1006.1,地球的一个恒星日是23时56分4秒，代表自转一周的时间。一个太阳日是24时，代表一个昼夜,1,,N1006.2,,
N1006.2,哎呀，头疼，这哪是地理，分明是天书。,1,,N1006.3,,
N1006.3,虽然地理学会了一些，但不出意外的话，我并不想继续学习地理。,1,,exit,N1006,
,,,,,,
N1007,相对速度、速率、参考系...,1,,N1007.1,,
N1007.1,速度是矢量，有大小、方向；速率没有方向，只有大小，是标量...,1,,N1007.2,,
N1007.2,终于搞定速度这一章了，下一章是加速度。,1,,exit,N1007,
,,,,,,
N1008,氢气在氯气中安静地燃烧、产生苍白色火焰、瓶口有白雾，生成氯化氢,1,,N1008.1,,
N1008.1,白雾是氯化氢吗？但是氯化氢是气体，书上好像没说，算了，应该不会考。,1,,N1008.2,,
N1008.2,化学终于搞懂了不少，考试应该可以及格了。,1,,exit,N1008,
,,,,,,
N1009,基因的剪刀、针线、运输工具，分别是限制性内切酶、DNA连接酶、运载体,1,,N1009.1,,
N1009.1,他们的特点是....,1,,N1009.2,,
N1009.2,真的难以想象，酶的脑子在哪，怎么这么聪明。,1,,N1009.3,,
N1009.3,等等，酶好像是蛋白质...（翻书）或者RNA，肯定没脑子的,1,,N1009.4,,
N1009.4,算了，越想越复杂，还是先把这些记下来再说。,1,,N1009.5,,
N1009.5,这下生物考试应该能及格了。,1,,exit,N1009,
,,,,,,
N2001,今天听了一曲《琵琶行》，听着听着有种醍醐灌顶的感觉，仿佛...emmm...就像...就像开窍了一样。,2,,N2001.1,,
N2001.1,我觉得自己的语文更好了,2,,N2001.2,,
N2001.2,有多好？,player,,N2001.3,,
N2001.3,我觉得下次考试可以及格。要知道，初中以来我的语文从来没及格过。,2,,exit,N2001,
N2002,听老师的讲解，正、余弦公式都会用了。下次遇到这类题目就不怕了(●'◡'●),2,,N2002.1,,
N2002.1,没想到你这么快就领悟了数学思维，要继续努力啊,player,,N2002.2,,
N2002.2,但是数学依然很难啊。老师一讲就懂，自己来就不会了。,2,,exit,N2002,
N2003,Hello!,2,,N2003.1,,
N2003.1,Is Patti there?,2,,N2003.2,,
N2003.2,"I’m sorry, I’m afraid you’ve dialed the wrong number. There is no Patti here.",2,,N2003.3,,
N2003.3,Wrong number? Are you sure? I called yesterday and she was there.,2,,N2003.4,,
N2003.4,I’m sure you have the wrong number. This one has been my number for more than 20 years.,2,,N2003.5,,
N2003.5,That’s impossible. I remember the number clearly. Isn’t this 763-4565?,2,,N2003.6,,
N2003.6,"No, it isn’t. It’s 736-4565. It seems you’ve misdialed.",2,,N2003.7,,
N2003.7,Really? I’m so sorry I bothered you. I’ll try again.,2,,N2003.8,,
N2003.8,That’s all right. This sort of thing happens all the time to everyone.,2,,N2003.9,,
N2003.9,"Yeah, I guess it does. Sorry again for bothering you.",2,,N2003.10,,
N2003.10,No worries.,2,,N2003.11,,
N2003.11,这组英语对话已经可以熟练念出来了，哎呀~感觉自己英语已经小有成就了,2,,exit,N2003,
,,,,,,
N2004,（面无表情地背诵）供求影响价格,2,,N2004.1,,
N2004.1,①供不应求，价格升高——卖方市场（卖方起主导作用，处于有利地位）②供过于求，价格降低——买方市场（买方起主导作用，处于有利地位）,2,,N2004.2,,
N2004.2,价值决定价格........,2,,N2004.3,,
N2004.3,啊，终于全部背会了~为什么明明都是看得懂的字，连起来就不懂了呢,2,,N2004.4,,
N2004.4,多背几遍，多看解释。政治这门课的理解和记忆都很重要。,player,,exit,N2004,
N2005,元谋人、北京人、山顶洞人....,2,,N2005.1,,
N2005.1,母系氏族、父系氏族...全都要背下来,2,,N2005.2,,
N2005.2,我背下来了,2,,N2005.3,,
N2005.3,元谋人、维京人、山底洞人...,2,,N2005.4,,
N2005.4,啊，是山顶洞,2,,N2005.5,,
N2005.5,背这个真的很影响我开开心心的心情,2,,N2005.6,,
N2005.6,别打岔，马上背完了,player,,exit,N2005,
N2006,（合书）,2,,N2006.1,,
N2006.1,（闭目）,2,,N2006.2,,
N2006.2,（准备吟唱）,2,,N2006.3,,
N2006.3,风带：极地东风带，中纬盛行西风带。东北信风带，东南信风带。中纬盛行..盛行..西风带，极地东风带。,2,,N2006.4,,
N2006.4,气压：极地高气压带，副极地低气压带，副热带高气压带，赤盗低气压带。,2,,N2006.5,,
N2006.5,地理书上的这些东西还是很好记的，但是黄道平面还是完全搞不懂。哎<( _ _ )>,2,,exit,N2006,
N2007,复习一下牛顿三大定律,2,,N2007.1,,
N2007.1,第一定律，在没有外力作用下孤立质点保持静止或做匀速直线运动,2,,N2007.2,,
N2007.2,第二定律，物体的加速度跟物体所受的合外力成正比，跟物体的质量成反比，加速度的方向跟合外力的方向相同。,2,,N2007.3,,
N2007.3,第三定律，相互作用的两个质点之间的作用力和反作用力总是大小相等，方向相反，作用在同一条直线上；,2,,N2007.4,,
N2007.4,记住了牛顿三大定律，考试时至少选择题可以做对几个吧。,2,,N2007.5,,
N2007.5,不要低估自己，你已经能跟上物理课程了。,player,,exit,N2007,
N2008,氧气时氧化剂，氢气是还原剂。它们发生氧化还原可以生成水。对吗？,2,,N2008.1,,
N2008.1,是的，化学式中“=”号上方要写点燃。,player,,N2008.2,,
N2008.2,水分子中氧离子是-2价，氢离子是+1价对吗？,2,,N2008.3,,
N2008.3,不对，这个内容还没有学到，等下一章会学到的。,player,,N2008.4,,
N2008.4,那我还是看看氧化剂吧(o_ _)ﾉ,2,,exit,N2008,
N2009,细胞核、高尔基体、内质网、核糖体......,2,,N2009.1,,
N2009.1,（合书）,2,,N2009.2,,
N2009.2,细胞核、高尔夫体、内质网、核酸检测....,2,,N2009.3,,
N2009.3,（翻开书）啊，完全跑偏,2,,N2009.4,,
N2009.4,和上次的核桃体一样奇奇怪怪,player,,N2009.5,,
N2009.5,这次肯定能做对了！╰（‵□′）╯,2,,exit,N2009,
,,,,,,
N3001,“但就其……方面”句式杂糅，嘿嘿，被我发现了,3,,N3001.1,,
N3001.1,批评教育殴打工人事件。...这里搭配不当，“事件”不可以“批评教育”,3,,N3001.2,,
N3001.2,焦裕禄这个名字对青年人可能还有些陌生....哈哈，名字肯定不认识青年人，这句也是不对的。,3,,N3001.3,,
N3001.3,那就选D..,3,,N3001.4,,
N3001.4,哈哈，我能选出病句题的正确答案了。,3,,N3001.5,,
N3001.5,多亏了老师给我补的课,3,,exit,N3001,
,,,,,,
N3002,sin(π+α)=-sinα，可以画圆圈来记忆。我真聪明！,3,,N3002.1,,
N3002.1,感觉一般三角函数题难不倒我了,3,,N3002.2,,
N3002.2,虽然数学还是及格不了，但搞懂三角函数可以让我更接近及格,3,,N3002.3,,
N3002.3,数学加油！冲冲冲！,3,,exit,N3002,
,,,,,,
N3003,英语太难了，从语法到单词，完全无法学进去。,3,,N3003.1,,
N3003.1,学了这么久，才把主谓宾分清楚，我该怎么办呐，轩哥救救我的英语吧！！！！,3,,N3003.2,,
N3003.2,━━(￣ー￣*|||━━说的我英语很好似的,2,,N3003.3,,
N3003.3,我学了这么久，才把英语勉强考及格，我太难了。,3,,N3003.4,,
N3003.4,进步很大，迈出了成功的第一步了！,player,,exit,N3003,
,,,,,,
N3004,我国是工人阶级领导的，以工农联盟为基础的人民民主专政的社会主义国家。,3,,N3004.1,,
N3004.1,以后我要加入工农联盟，打倒资本联盟！哈哈，这一节政治课深得我心，一定要好好背下来。,3,,N3004.2,,
N3004.2,感觉我的政治有了很大进步。,3,,N3004.3,,
N3004.3,汗..这是什么神理解，但好像说的也没啥问题。,4,,exit,N3004,
,,,,,,
N3005,新航路开辟的四位航海家：迪亚士，最先到达好望角 1488年； 哥伦布，发现美洲新大陆 1492年；达伽马，直通印度 1498 年；麦哲伦，环球航行 1522 年,3,,N3005.1,,
N3005.1,背起来，迪士亚，哥布林，马达加，麦迪文...,3,,N3005.2,,
N3005.2,不对，是迪亚士，再背一次,3,,N3005.3,,
N3005.3,迪亚士，哥布伦，马达加斯加，麦迪伦,3,,N3005.4,,
N3005.4,还是不对，怎么回事呢？我明明背的麦哲伦。,3,,N3005.5,,
N3005.5,再看几遍吧，为什么什么都要背，一点好记的都没有。,3,,N3005.6,,
N3005.6,（合书）迪亚士，哥伦布，达伽马，麦哲伦,3,,N3005.7,,
N3005.7,耶，背下来了，这次考试历史铁定能及格。,3,,exit,N3005,
,,,,,,
N3006,环境承载力是指环境能持续供养的人口数量。衡量环境承载力的重要指标就是环境人口数量。,3,,N3006.1,,
N3006.1,它和资源成正比、和科技发展水平成正比、和生活与文化消费水平成反比。,3,,N3006.2,,
N3006.2,很好理解的样子，要是都能种田，肯定能养活更多人。再来一辆收割机，又能养更多人。但是人人都住大别墅，又养不了了。,3,,N3006.3,,
N3006.3,地理果然是我的本名学科，哈哈。,3,,N3006.4,,
N3006.4,感觉及格只是轻轻松松。,3,,exit,N3006,
,,,,,,
N3007,重力是我被地球吸引了，然后地球对我的吸力的大小。,3,,N3007.1,,
N3007.1,这么说的话，我摔倒了，可以理解成，我被地球拉了一把,3,,N3007.2,,
N3007.2,这样理解似乎简单了一些，但是计算我还是不会。,3,,N3007.3,,
N3007.3,就先这样吧，至少不是一点都不能理解了。,3,,N3007.4,,
N3007.4,物理应该可以多考几分了。,3,,exit,N3007,
,,,,,,
N3008,氢氦锂铍硼，碳氮氧氟氖，钠镁铝硅磷，硫氯氩钾钙。,3,,N3008.1,,
N3008.1,嗯，背下来了，以后就可以数手指来找元素了。,3,,N3008.2,,
N3008.2,17号元素，那就是氢氦锂铍硼......氯，对，就是氯了！,3,,N3008.3,,
N3008.3,以后填空题找元素的就不怕了。,3,,N3008.4,,
N3008.4,还是能背的简单，反应方程式根本看不懂。这下至少能多考几分了。,3,,exit,N3008,
,,,,,,
N3009,"无中生有为隐性,隐性遗传看女病,父子都病为伴性,父子无病非伴性;有中生无为显性,显性遗传看男病,母女都病为伴性,母女无病非伴性",3,,N3009.1,,
N3009.1,我想生物也不过如此，等我彻底悟透9331，就是我远离只是及格的境地。,3,,exit,N3009,
,,,,,,
N4001,采薇采薇，薇亦作止。曰归曰归，岁亦莫止。 靡室靡家，猃狁之故。不遑启居，猃狁之故。,4,,N4001.1,,
N4001.1,说的是豆苗采了又采，薇菜刚刚冒出地面。说回家了回家了，但已到了年末仍不能实现。没有妻室没有家，都是为了和猃狁打仗。 没有时间安居休息，都是为了和猃狁打仗。,4,,N4001.2,,
N4001.2,搜一下薇菜好不好吃...,4,,N4001.3,,
N4001.3,长得挺奇怪的，像蚊香。,4,,N4001.4,,
N4001.4,有点像以前吃过的凉菜，应该挺脆的吧...,4,,N4001.5,,
N4001.5,啊，不能走神，继续背。采薇采薇，薇亦柔止。曰归曰归，心亦忧止。 忧心烈烈，载饥载渴。我戍未定，靡使归聘。,4,,N4001.6,,
N4001.6,应该是打仗的人要吃薇菜吧？不懂。,4,,N4001.7,,
N4001.7,背完这篇，高一的必备课文就背完了，考试也不怕了。,4,,exit,N4001,
,,,,,,
N4002,"当时两圆外切,连心线过切点,有外公切线两条,内公切线一条。",4,,N4002.1,,
N4002.1,用作图法更好理解，而且做题的时候，两个圆心一般都要连线。,4,,N4002.2,,
N4002.2,下一个诺贝尔奖得主就是我了。,4,,N4002.3,,
N4002.3,有诺贝尔数学奖吗，查一下...没有。既然诺贝尔不配给我颁奖，那我要个高考满分不过分吧。,2,,N4002.4,,
N4002.4,又在做梦呢？,4,,N4002.5,,
N4002.5,你什么时候来的？,4,,N4002.6,,
N4002.6,你说你要高考满分( ﹁ ﹁ ) ~→,2,,N4002.7,,
N4002.7,看着吧，以后你们都会成为我的韭菜。,4,,exit,N4002,
,,,,,,
N4003,什么？我英语这就考及格了？,4,,N4003.1,,
N4003.1,我可从来没认真学过英语，这就及格了？,4,,N4003.2,,
N4003.2,一定是我天赋好，只要课上听几分钟就学会了。,4,,N4003.3,,
N4003.3,今天就奖励自己一份蛋糕好了。,4,,exit,N4003,4upDG
,,,,,,
N4004,一个人的世界观、人生观、价值观是在长期的生活和学习过程中形成的，是各种文化因素交互影响的结果。,4,,N4004.1,,
N4004.1,这样说的话，我就是天才的三观。,4,,N4004.2,,
N4004.2,我从未见过如此简单的政治课文。,4,,N4004.3,,
N4004.3,向着高分进发吧！,4,,exit,N4004,
,,,,,,
N4005,说实话，我不喜欢历史课,4,,N4005.1,,
N4005.1,及格也好，不及格也罢，随它去了。,4,,N4005.2,,
N4005.2,历史的发展总是充满了出乎意料的，如果想从之前发生的事情来推测未来的事情，那没什么用。,4,,exit,N4005,
,,,,,,
N4006,我很多年前就认熟了八大行星、七大洲、五大洋。,4,,N4006.1,,
N4006.1,也知道我们国家有30多个省、56个民族。,4,,N4006.2,,
N4006.2,即使在无标注的卫星图上，我也能找到黑湖市的所在。,4,,N4006.3,,
N4006.3,所以地理一直都是我的优势学科。,4,,N4006.4,,
N4006.4,不过呢，我应该不会去做和地理相关的工作。,4,,exit,N4006,
,,,,,,
N4007,万有引力定律吗,4,,N4007.1,,
N4007.1,按照公式来看，重力加速度最大的地方应该是地表,4,,N4007.2,,
N4007.2,越往地心走，重力加速度越小，直到地球最中心。,4,,N4007.3,,
N4007.3,那个时候，就可以浮空了。,4,,N4007.4,,
N4007.4,如果这样算的话，地球中心也可能有很大一片区域是空的，说不定那里是熔岩巨人的家呢。,4,,N4007.5,,
N4007.5,走神了...就先学到这吧，及格问题不大。,4,,exit,N4007,
,,,,,,
N4008,金属性与非金属性的强弱变化这一章，书上写的太复杂了。,4,,N4008.1,,
N4008.1,我自己归纳了一下，其实就是在周期表中，离Cs越近的，金属性越强，离F越近的，非金属性越强。,4,,N4008.2,,
N4008.2,这样记不要太简单，我下次考试的成绩绝对差不了了。,4,,exit,N4008,
,,,,,,
N4009,地理隔离，生殖隔离...,4,,N4009.1,,
N4009.1,老师，这么说的话，人类的起源都是同一个地方咯。因为全世界的人都没有生殖隔离。,4,,N4009.2,,
N4009.2,嗯，说的没错,player,,N4009.3,,
N4009.3,那你说人类的起源在什么地方,4,,N4009.4,,
N4009.4,不知道，你老师我也不是研究这方面的。不过既然大家都不知道这么重要的事情，很可能还没有定论。这就要靠你们来寻找答案了哟~,player,,exit,N4009,
,,,,,,
I1001,最近又重新把钢琴学回来了，学起来并没有以前那种折磨感，但还谈不上多喜欢。,1,,I1001.1,,
I1001.1,钢琴是我爸爸报的兴趣班学的，学了3年吧，其实什么都没学会...,1,,exit,I1001,T1001ST
I1002,3句话，让老师对我另眼相看,1,,I1002.1,,
I1002.1,成功的学生应该学会主动让老师布置作业,1,,I1002.2,,
I1002.2,学会了，你就是下一个戏精小演员！,1,,exit,I1002,T1002ST
I1003,学舞蹈有一小段时间了，现在总算能坦然面对拉伸了。,1,,I1003.1,,
I1003.1,刚开始的时候可太疼了，现在好了很多。坚持下去...跳舞我可以！,1,,exit,I1003,T1003ST
I1004,木刻小人完成！过几天再买点颜料涂上。,1,,I1004.1,,
I1004.1,感觉自己刻的很不错！,1,,exit,I1004,T1004ST
I1005,将军！,1,,I1005.1,,
I1005.1,啊？不行，我刚才下错，不算。,2,,I1005.2,,
I1005.2,行,1,,I1005.3,,
I1005.3,上士！,2,,I1005.4,,
I1005.4,...,null,,I1005.5,,
I1005.5,将军！,1,,I1005.6,,
I1005.6,啊，这...怎么会这样。我认输...,2,,I1005.7,,
I1005.7,你下棋赢不了我,1,,I1005.8,,
I1005.8,有本事和文有希玩啊，人家会玩还会让着我的╥﹏╥...,2,,exit,I1005,I1005ST
I1006,薰衣草发芽了，期待开花那一天...,1,,I1006.1,,
I1006.1,再种些其他的花，兰花不错，买了...月季也不错，但是有刺..再买点格桑花..,1,,exit,I1006,I1006ST
I1007,把照片P一下，调个滤镜...再把眼睛调大..瘦脸...嗯，这样照片更好看了。,1,,exit,I1007,I1007ST
I1008,学习烹饪也有十来次了，终于可以完成番茄炒饭了，重点是味道我很喜欢，下次我想尝试炒肉...,1,,I1008.1,,
I1008.1,等会做家常菜，再试试做蛋糕...,1,,exit,I1008,I1008ST
I1009,开元通宝是唐高祖年代的，也是第一款“通宝”钱币，唐代还有乾封泉宝、乾元重宝、大历通宝之类的。,1,,I1009.1,,
I1009.1,看上去越丑的铜钱越值钱呐..以后看见了一定要收藏几个。,1,,exit,I1009,I1009ST
I1010,FX语言学了一段时间了，我了解到，老师可能不太懂程序出错后会有什么后果,1,,I1010.1,,
I1010.1,出错后，屏幕上方会出现大段的文字，老师也不需要看懂。只需要将它复制下来，交给开发者就可以了。,1,,I1010.2,,
I1010.2,不要忘了把出现问题的经过也描述一遍。,1,,I1010.3,,
I1010.3,就这么多，我继续学习去了...,1,,exit,I1010,I1010ST
I1011,我学习素描已经有段时间了，现在可以轻松画出篮球、桌椅等物件了。,1,,I1011.1,,
I1011.1,下一步就挑战些更复杂的物件，比如...花朵...再种些花，等开花了就画下来。完美！,1,,exit,I1011,I1011ST
I1012,88、89、90....时间到了.,1,,I1012.1,,
I1012.1,跳绳一分钟可以跳90下了，比刚开始的50个好太多了。虽然说很累，但是可以感受到身体更有活力了。,1,,exit,I1012,I1012ST
,,,,,,
I1101,练了这么久钢琴，业余5级终于到手，不愧是我，哼哼~~加把劲就能考业余7级了，让6级见鬼去吧！,1,,I1101.1,I1101,I1101ST
I1101.1,再努力努力，说不定能上个音乐院校，到时候文化课差点也没关系。,1,,exit,,
I1102,三流电影配角海选没通过。唉，即使连专业的表演知识都学了不少，但还是表现不出来。老师，我的表演能力这么差劲的吗？,1,,I1102.1,I1102,I1102ST
I1102.1,错的不是你，是我。,player,,exit,,
I1103,学了这么久现代舞，我现在也算是会跳的了，希望以后可以去大舞台演出。,1,,I1103.1,I1103,I1103ST
I1103.1,定个目标，下次文艺演出我要报名大型舞蹈节目！,1,,exit,,
I1104,之前刻的两个莱恩哈特模型，拍卖卖了800块，没想到木刻这么受欢迎。,1,,I1104.1,I1104,I1104ST
I1104.1,是你的水平高，本来我也想要一个，但是这价格...我还是不麻烦你了,3,,I1104.2,,
I1104.2,不麻烦，我送你一个,1,,exit,,
I1105,下棋是很锻炼思维的，不仅要计算、预测、玩心理战，还要有非常好的记忆力和敏锐的发现力。,1,,I1105.1,I1105,I1105ST
I1105.1,是啊是啊，不愧是你，能拿全校围棋第一的那个女人。,2,,exit,,
I1106,薰衣草开花了，月季也开花了，桑格花不够多，看上去有点形单影只。,1,,I1106.1,I1106,I1106ST
I1106.1,种花一年多，终于也能凑齐9张图发个朋友圈了。,1,,I1106.2,,
I1106.2,接下来要挑战花红掌、长寿花，争取毕业前养出花来。,1,,exit,,
I1107,薇薇，你做的黑湖中学录获得了特等奖唉，刚刚公布的，快看！,3,,I1107.1,I1107,I1107ST
I1107.1,是吗，太好了！,1,,I1107.2,,
I1107.2,你太强了！不枉你花了这么多时间学习剪辑。,3,,exit,,
I1108,全新烘培的提拉米苏蛋糕，大家快来试试！,1,,I1108.1,I1108,I1108ST
I1108.1,哇，看上去很好吃，比外面卖的还好看！,3,,I1108.2,,
I1108.2,甜甜的，软软的，怎么一口就吃完了。,2,,I1108.3,,
I1108.3,是你吃的太快了，一点都不会享受美食。蛋糕美食家文有希的点评是——82分，剩下18分做成666给你！,4,,I1108.4,,
I1108.4,和我吃过的提拉米苏比起来，口味排得上号了。,4,,I1108.5,,
I1108.5,谢谢大家，以后我还会做的。,1,,exit,,
I1109,咦，怎么会有我的快递，我记得我很久没买东西了。,1,,I1109.1,I1109,I1109ST
I1109.1,原来是篆书等级证书，之前在网上试着考了一下，没想到真能考到。,1,,I1109.2,,
I1109.2,现在我的篆书阅读能力也算是获得官方认可了，哼哼~~,1,,exit,,
I1110,我写的程序，会严格遵循设计标准的，不会像大公司那样随意窃取用户信息，也不像垃圾软件那样占用内存。,1,,I1110.1,I1110,I1110ST
I1110.1,如果有可能，真想自己写一个应用，来取代那些隐私小偷。,1,,I1110.2,,
I1110.2,想太多，那样你会被热心市民举报，然后坐牢。太多真实案例了。,4,,I1110.3,,
I1110.3,正义也许会迟到，但永远不会缺席。,1,,I1110.4,,
I1110.4,不，迟到的正义不是正义，迟到是对受害者极大的伤害。,4,,exit,,
I1111,光影9分、细节10分、构图9分...以后绘画课程可以接稿来练习了,1,,I1111.1,I1111,I1111ST
I1111.1,不过，绘画虽然有点意思，但还不是我所喜欢的。,1,,exit,,
I1112,我顺利入选校排球队了，以后会代表学校和其他学校排球队比赛，想想还挺激动的。,1,,I1112.1,I1112,I1112ST
I1112.1,想想以前体质差，跑个步像丢了命一样，现在完全不会了。,1,,I1112.2,,
I1112.2,厉害啊薇薇，我记得以前你跑步特别慢，现在都参加排球队了,3,,I1112.3,,
I1112.3,谢谢了，现在我体育特别的好。,1,,exit,,
,,,,,,
I2001,哆~来~咪~发~梭~啦~西~哆~~~,2,,I2001.1,,
I2001.1,多多多~~~哈，差点没气了（￣。。￣）,2,,I2001.2,,
I2001.2,还不够，只会简单的唱歌还不够，我还要学更多的歌！,2,,exit,I2001,I2001ST
I2002,大王叫我~来巡山~,2,,I2002.1,,
I2002.1,表演学习终于入门了，没有任何难度！,2,,I2002.2,,
I2002.2,我已经看到我的成名之路！（￣︶￣）↗　,2,,exit,I2002,I2002ST
I2003,呜呜呜~胯好痛~我不想学跳舞了,2,,I2003.1,,
I2003.1,想想已经学了好几天了，又不想放弃，但是真的好痛..呜呜呜╯︿╰,2,,exit,I2003,I2003ST
I2004,啊哈(●'◡'●)，木偶小人终于完成了。耗时3天，手被割了3刀...,2,,I2004.1,,
I2004.1,木刻真不是一般人能干的，废手。,2,,exit,I2004,I2004ST
I2005,将军！,2,,I2005.1,,
I2005.1,啊？不行，我刚才下错，不算。,3,,I2005.2,,
I2005.2,行,2,,I2005.3,,
I2005.3,上士！,3,,I2005.4,,
I2005.4,...,null,,I2005.5,,
I2005.5,将军！,2,,I2005.6,,
I2005.6,啊，这...怎么会这样。我认输...,3,,I2005.7,,
I2005.7,你下棋赢不了我,2,,I2005.8,,
I2005.8,有本事和薇薇玩啊，人家会玩还会让着我的。,3,,exit,I2005,I2005ST
I2006,咦，去年随手插的月季已经开花了？可惜不香。,2,,I2006.1,,
I2006.1,身为农民，自然会种植呀，不知道为什么要特意去学。,2,,exit,I2006,I2006ST
I2007,学了几天拍照知识，以后出去玩耍可以拍出更好的照片了。,2,,exit,I2007,I2007ST
I2008,学了这么多天配蘸水，我正式宣布，以后吃大餐的蘸水我承包了！,2,,exit,I2008,I2008ST
I2009,水瓶座..双鱼座..让我算一算今天我的幸运星座是哪个，嘿嘿，考古学硬是让我学成了占卜学。,2,,exit,I2009,I2009ST
I2010,FX语言学了一段时间了，我了解到，老师可能不太懂程序出错后会有什么后果,2,,I2010.1,,
I2010.1,出错后，屏幕上方会出现大段的文字，老师也不需要看懂。只需要将它复制下来，交给开发者就可以了。,2,,I2010.2,,
I2010.2,不要忘了把出现问题的经过也描述一遍。,2,,I2010.3,,
I2010.3,就这么多，我继续学习去了...,2,,exit,I2010,I2010ST
I2011,海绵宝宝、猪猪侠...算起来学画画的这段时间我已经画了10幅画了。绘画技术也好了不少，再练练就算是正式入门了。,2,,exit,I2011,I2011ST
I2012,7...8...9..不行了，引体向上可太难了。练了好几天了，也就加了3次。等等...那再多练几次，一直+3+3+3，很快就能满分了耶！(★ ω ★),2,,exit,I2012,I2012ST
,,,,,,
I2101,哇哦~φ(゜▽゜*)♪我唱的《少年》点赞破10w了，好开心啊，以后还要继续唱歌！！！！,2,,exit,I2101,I2101ST
I2102,八百标兵奔北坡，北坡炮兵并排跑，炮兵怕把标兵碰，标兵怕碰炮兵炮。,2,,I2102.1,I2102,I2102ST
I2102.1,粉红墙上画凤凰，凤凰画在粉红墙，红凤凰，粉凤凰，粉红凤凰，花凤凰,2,,I2102.2,,
I2102.2,明天说给同学听，他们多半模仿不来，哈哈（￣︶￣）↗　,2,,exit,,
I2103,沦陷在你目光,null,,I2103.1,I2103,I2103ST
I2103.1,享受着步调摇晃,null,,I2103.2,,
I2103.2,我不危险,null,,I2103.3,,
I2103.3,...,null,,I2103.4,,
I2103.4,呼..完美！跳的太带劲了！(ง •_•)ง,2,,I2103.5,,
I2103.5,以后我就是爵士舞舞王！,2,,exit,,
I2104,学了这么久的手工，从最简单的小船、千只鹤，到现在的独角兽、柴犬。我学会了很多。,2,,I2104.1,I2104,I2104ST
I2104.1,现在，是时候把它们拿出去炫耀了！(/▽＼),2,,exit,,
I2105,啊哈，就剩余1张牌了。,2,,I2105.1,I2105,I2105ST
I2105.1,啊，要不起,3,,I2105.2,,
I2105.2,过,4,,I2105.3,,
I2105.3,一张K，我又赢了。你们玩斗地主太烂了，还是我厉害。,2,,I2105.4,,
I2105.4,略略略，不知道是谁专门学了半年斗地主呢。,4,,exit,,
I2106,种植大白菜有机肥和磷肥一次性施入，氮肥和钾肥30%施入底肥，百分之七十在莲座期和结球前期施入。莲座期需氮较多，包心的时候需钾较多。,2,,I2106.1,I2106,I2106ST
I2106.1,下次回家就告诉爸爸，要这样施肥，怪不得我家的大白菜都长不大。种植课能学到不少学以致用的硬知识。,2,,I2106.2,,
I2106.2,学会了以后再也不想吃苦涩的芥菜了。,2,,exit,,
I2107,学了ps，以后可以发更多的动态了，虽然也学会了剪视频，但是好麻烦啊，根本不想用。,2,,exit,I2107,I2107ST
I2108,帅小伙秘制芝士奶茶，喝了都说好！大家来喝啊<(￣︶￣)↗[GO!],2,,I2108.1,I2108,I2108ST
I2108.1,很好喝,1,,I2108.2,,
I2108.2,嗝~老板再来一杯。,3,,I2108.3,,
I2108.3,我要投资你开奶茶店,4,,I2108.4,,
I2108.4,哈哈，我就说我做的奶茶已经出师了嘛ˋ( ° ▽、° ),2,,exit,,
I2109,什么？！！长这样的碗价值2000块一个，我家以前有好几个一模一样的！！！,2,,I2109.1,I2109,I2109ST
I2109.1,这次回家一定要拿来好好对比一下，哈哈哈，这日子越来越有判头了！╯︿╰,2,,exit,,
I2110,轩轩课程表app更新公告：修复若干bug。开发者还是高中生，由于临近高考，所以在高考前会减少更新，希望大哥哥大姐姐们能够谅解！,2,,I2110.1,I2110,I2110ST
I2110.1,公告就先这样吧，其实是这个app我不想再更新了，评论区整天要加这个功能加那个功能的，好麻烦。,2,,I2110.2,,
I2110.2,接下来就看老师有没有继续安排编程课程吧，如果还有，我想提取一下官方的公交车车况信息，自己弄一套UI，好看又轻便的那种。以后出门就不怕无限等车了。,2,,exit,,
I2111,老师！我画的《我的同桌》在班里引起轰动了，大家都想要我帮他画画，哈哈(ง •_•)ง,2,,exit,I2111,I2111ST
I2112,昨天体育成绩出来了，95分，我很满意。这得感谢abbName老师的培养，哈哈。,2,,exit,I2112,I2112ST
,,,,,,
I3001,学二胡也有一段时间了，我现在看可以勉强演奏一首小星星了，哈哈。,3,,exit,I3001,I3001ST
I3002,巴啦啦能量---索多卡拉---魔法驱动能量！,3,,I3002.1,,
I3002.1,哈哈，cos一下魔法天女，感觉棒棒哒！,3,,exit,I3002,I3002ST
I3003,学跳舞已经有段时间了，我想当领舞！我要成为舞台的焦点！老师，请多给点舞蹈课！,3,,exit,I3003,I3003ST
I3004,经过这几天的木刻课，一个简单的榫卯结构就完成了，再花点时间就能做一个榫卯结构的椅子了，绝对好看无钉！啊哈哈！,3,,exit,I3004,I3004ST
I3005,马是走日字，象是走田字，车是直至走...好复杂啊，搞了这么久，终于把规则认清楚了。下棋真不是我的长项。,3,,exit,I3005,I3005ST
I3006,嗯？什么味道？怎么有点菌味.....啊，是之前种的豆芽。,3,,I3006.1,,
I3006.1,完了完了，忘了记录生长状况了。而且还长了很多白色的菌丝...,3,,I3006.2,,
I3006.2,看来只能重新种了，早知道就给薇薇帮看着了。,3,,exit,I3006,I3006ST
I3007,自从学了P图，我就再也不怕路人入镜了，全部P走P走，哈哈哈！,3,,exit,I3007,I3007ST
I3008,学做饭已经有一段时间了，炒菜炒肉已经拿捏住了，哦霍霍~~,3,,exit,I3008,I3008ST
I3009,清代的瓷器是这样的，明代的瓷器又是这样的。这几天的考古学习成果就是这么多了，可以区分清朝和明朝的瓷器。,3,,exit,I3009,I3009ST
I3010,FX语言好难啊，为什么这么奇怪呢...一点都不人性化。学了这么久，只懂了点基础....,3,,exit,I3010,I3010ST
I3011,一点画法、两点画法、三点画法....原来画画还要懂这么多空间知识。学了这么多天，我耶可以画简单的场景了，耶！,3,,exit,I3011,I3011ST
I3012,冲哈！运动使我快乐，不知不觉间，我的体育都满分了，哈哈哈，果然是我的优势项目。,3,,exit,I3012,I3012ST
,,,,,,
I3101,二胡三级算是考到手了，一直练的《赛马》终于可以休息一下了，太好了。之前睡梦都是马蹄声和马嘶声~,3,,exit,I3101,I3101ST
I3102,暖风吹过的季节，天空清澈如洗，柳絮漫天飞舞，飘落在悄然萌动的大地,3,,I3102.1,I3102,I3102ST
I3102.1,年轻的生命在土壤里蠕动，勃发的乐曲在心里流淌，年轻的我们，拥有不变的誓言，年轻的我们将坚定的目光投向更远的地方。,3,,I3102.2,,
I3102.2,起跑线上，出发的那一刻起，注定我们要追着东升的朝阳，刚毅、自信的脸庞，在等待胜利的曙光！......,3,,I3102.3,,
I3102.3,AI评分92，恭喜，普通话和情感都很到位。,player,,I3102.4,,
I3102.4,谢谢老师，多亏了这个AI评委，它的指点很准确！以后不怕人说我普通话不标准了。,3,,exit,,
I3103,从练习穿高跟鞋到顺利学会桑巴舞，这个段时间的舞蹈学习仿佛让我换了个人。以后我就是真的公主！,3,,exit,I3103,I3103ST
I3104,这是我用乐高动力零件做的小型越野车，用遥控操作的，顶部可以放一个旧手机，充当摄像头和信号传输的。然后我们连上视频通话，就可以实时操控越野车出门了。,3,,I3104.1,I3104,I3104ST
I3104.1,可以帮我去隔壁小卖部买东西，哈哈。我是不是很厉害？,3,,exit,,
I3105,经过艰苦卓绝的飞行棋学习，现在我已经完全搞清楚要怎么玩了。,3,,I3105.1,I3105,I3105ST
I3105.1,我现在可是在网上31连胜的飞行棋高手，哈哈,3,,I3105.2,,
I3105.2,以后他们还敢来叫我打牌、下象棋，我就要求他们来玩飞行棋，嘿嘿！,3,,exit,,
I3106,原来各大科技公司纷纷进入养殖产业，是因为这个啊，有道理有道理。,3,,I3106.1,I3106,I3106ST
I3106.1,给鸡单独分房间可以好处竟然这么多，回去就告诉老妈，家里也试着这样样样看。,3,,I3106.2,,
I3106.2,都很有用唉，但如果让我今后去养鸡养鸭，我可不愿意。,3,,exit,,
I3107,唉，学了这么多软件，但是我还是搞不清楚学了对我有什么帮助。不想继续学摄影了，我就p个图，让我好看点就行了。,3,,exit,I3107,I3107ST
I3108,上次是生抽和老抽弄混了，搞得菜黑糊糊的。这次是炸肥肉的时候火太大了，菜也是有点...焦黑。要不算了吧，我做菜的失败率太高了。,3,,I3108.1,I3108,I3108ST
I3108.1,怎么会呢，之前顺利完成的菜，都非常好吃的。大家都说以后不要食堂配餐了，专门给你练习做菜。,2,,exit,,
I3109,老师啊，为什么要给我学考古，我真的没有兴趣！！！,3,,exit,I3109,I3109ST
I3110,高雅健身app正式发布！这是我做的第一个正式应用，可以把自己每次跑步、锻炼的数据记录进去，然后以时间轴的方式显示自己能力的成长，是不是非常棒？,3,,exit,I3110,I3110ST
I3111,咦，我之前随便画《教室》场景，居然有人想购买它的版权....啊，什么，他还要购买其他的版权。我居然可以自己赚零花钱了。,3,,exit,I3111,I3111ST
I3112,谢谢你们祝福，我已经顺利加入省田径队了。而且短跑项目已经到了一级运动员的标准，我会继续努力，成为女刘翔！,3,,exit,I3112,I3112ST
,,,,,,
I4001,学了好些天音乐了，终于到100分了，可是老师您要知道，满分是1000分。,4,,exit,I4001,I4001ST
I4002,学了好些天表演了，终于到100分了，可是老师您要知道，满分是1000分。,4,,exit,I4002,I4002ST
I4003,学了好些天舞蹈了，终于到100分了，可是老师您要知道，满分是1000分。,4,,exit,I4003,I4003ST
I4004,学了好些天木刻了，终于到100分了，可是老师您要知道，满分是1000分。,4,,exit,I4004,I4004ST
I4005,学了好些天下棋了，终于到100分了，可是老师您要知道，满分是1000分。麻烦老师多给几节这样的课程。,4,,exit,I4005,I4005ST
I4006,学了好些天种植了，终于到100分了，可是老师您要知道，满分是1000分。,4,,exit,I4006,I4006ST
I4007,学了好些天摄影了，终于到100分了，可是老师您要知道，满分是1000分。麻烦老师多给几节这样的课程。,4,,exit,I4007,I4007ST
I4008,学了好些天烹饪了，终于到100分了，可是老师您要知道，满分是1000分。麻烦老师多给几节这样的课程。,4,,exit,I4008,I4008ST
I4009,学了好些天考古了，终于到100分了，可是老师您要知道，满分是1000分。,4,,exit,I4009,I4009ST
I4010,学了好些天编程了，终于到100分了，可是老师您要知道，满分是1000分。麻烦老师多给几节这样的课程。,4,,exit,I4010,I4010ST
I4011,学了好些天绘画了，终于到100分了，可是老师您要知道，满分是1000分。,4,,exit,I4011,I4011ST
I4012,锻炼了很久，终于到100分了，可是老师您要知道，满分是1000分。,4,,exit,I4012,I4012ST
,,,,,,
I4101,学了这久音乐终于到了500分，也算是在这方面有所特长了。,4,,exit,I4101,I4101ST
I4102,学了这久表演终于到了500分，也算是在这方面有所特长了。,4,,exit,I4102,I4102ST
I4103,学了这久舞蹈终于到了500分，也算是在这方面有所特长了。,4,,exit,I4103,I4103ST
I4104,学了这久手工终于到了500分，也算是在这方面有所特长了。,4,,exit,I4104,I4104ST
I4105,学了这久棋技终于到了500分，也算是在这方面有所特长了。非常感谢老师的栽培！,4,,exit,I4105,I4105ST
I4106,学了这久种植终于到了500分，也算是在这方面有所特长了。,4,,exit,I4106,I4106ST
I4107,学了这久摄影终于到了500分，也算是在这方面有所特长了。非常感谢老师的栽培！,4,,exit,I4107,I4107ST
I4108,学了这久烹饪终于到了500分，也算是在这方面有所特长了。非常感谢老师的栽培！,4,,exit,I4108,I4108ST
I4109,学了这久考古终于到了500分，也算是在这方面有所特长了。,4,,exit,I4109,I4109ST
I4110,学了这久编程终于到了500分，也算是在这方面有所特长了。非常感谢老师的栽培！,4,,exit,I4110,I4110ST
I4111,学了这久绘画终于到了500分，也算是在这方面有所特长了。,4,,exit,I4111,I4111ST
I4112,坚持锻炼了这么长时间，终于到了500分，也算是在这方面有所特长了。,4,,exit,I4112,I4112ST